original	mapped	chebi_label	chebi_formula
(NH4)6Mo7O24·4H2O	CAS-RN:12054-85-2		
(NH4)6MoO7O24 x 4 H2O	CAS-RN:12054-85-2		
(NH4)MoO7O24 x 4 H2O	CAS-RN:12054-85-2		
(NH4)Mo7O24·4H2O	CAS-RN:12054-85-2		
(NH4)6Mo7O4 x 24 H2O	CAS-RN:12054-85-2		
(NH4)6MoO24·4H2O	CAS-RN:12054-85-2		
(NH4)6Mo7O24 x 4 H2O	CAS-RN:12054-85-2		
Bacto Peptone	CAS-RN:51142-18-8		
Bacto peptone	CAS-RN:51142-18-8		
G Bacto Peptone	CAS-RN:51142-18-8		
Bactopeptone	CAS-RN:51142-18-8		
Bacto-Peptone	CAS-RN:51142-18-8		
Bacto-peptone	CAS-RN:51142-18-8		
Poly hexamethylene carbonate (PHC)*	CAS-RN:61630-98-6		
Yeast	CAS-RN:68876-77-7		
Olive oil	CAS-RN:8001-25-0		
Malt extract	CAS-RN:8002-48-0		
Yeast extrakt	CAS-RN:8013-01-2		
Yeast extract	CAS-RN:8013-01-2		
Oat flakes	CAS-RN:84012-26-0		
Tryptone	CAS-RN:84843-69-6		
tryptone	CAS-RN:84843-69-6		
Na-caseinate	CAS-RN:9005-46-3		
Na-Caseinate	CAS-RN:9005-46-3		
Bovine serum albumin	CAS-RN:9048-46-8		
Cheese whey	CAS-RN:92129-90-3		
Potato	CAS-RN:93348-51-7		
Yeast autolysate	CAS-RN:977046-75-5		
Skim Milk	CAS-RN:999999-99-4		
Skim milk	CAS-RN:999999-99-4		
Nicotinate	CHEBI:10716816		
Sodium ascorbate	CHEBI:113451	sodium ascorbate	C6H7O6.Na
Sodium benzoate	CHEBI:113455	sodium benzoate	C7H5O2.Na
Sodium caproate	CHEBI:114126	sodium hexanoate	C6H11O2.Na
Na2S2O5	CHEBI:114786	sodium disulfite	2Na.O5S2
Disodium fumarate	CHEBI:115156	disodium fumarate	C4H2O4.2Na
Sodium fumarate	CHEBI:115156	disodium fumarate	C4H2O4.2Na
Tris-HCl	CHEBI:1185531		
Tris HCl	CHEBI:1185531		
Tris·HCl	CHEBI:1185531		
D-Galactose	CHEBI:12936	D-galactose	C6H12O6
FePO4	CHEBI:131371	iron(3+) phosphate	Fe.O4P
MnSO4·5H2O	CHEBI:131524	manganese(II) sulfate pentahydrate	5H2O.Mn.O4S
K2CO3	CHEBI:131526	potassium carbonate	CO3.2K
K2HPO4 x 3 H2O	CHEBI:131527	dipotassium hydrogen phosphate	HO4P.2K
Dipotassium Phosphate	CHEBI:131527	dipotassium hydrogen phosphate	HO4P.2K
K2HPO4	CHEBI:131527	dipotassium hydrogen phosphate	HO4P.2K
K 2HPO4	CHEBI:131527	dipotassium hydrogen phosphate	HO4P.2K
KH2HPO4	CHEBI:131527	dipotassium hydrogen phosphate	HO4P.2K
dipotassium hydrogen phosphate	CHEBI:131527	dipotassium hydrogen phosphate	HO4P.2K
Pyridoxal·HCl	CHEBI:131529	pyridoxal hydrochloride	C8H9NO3.HCl
Pyridoxine·HCl	CHEBI:131531	pyridoxamine hydrochloride	C8H12N2O2.HCl
Pyridoxamine·HCl	CHEBI:131531	pyridoxamine hydrochloride	C8H12N2O2.HCl
Pyridoxine HCl	CHEBI:131531	pyridoxamine hydrochloride	C8H12N2O2.HCl
Pyridoxamine-HCl	CHEBI:131531	pyridoxamine hydrochloride	C8H12N2O2.HCl
Pyridoxine-HCl	CHEBI:131531	pyridoxamine hydrochloride	C8H12N2O2.HCl
Pyridoxamine dihydrochloride	CHEBI:131532	pyridoxamine dihydrochloride	C8H12N2O2.2HCl
Pyridoxamine Dihydrochloride	CHEBI:131532	pyridoxamine dihydrochloride	C8H12N2O2.2HCl
Pyridoxamine·2HCl	CHEBI:131532	pyridoxamine dihydrochloride	C8H12N2O2.2HCl
Sodium octanoate	CHEBI:132100	sodium octanoate	C8H15O2.Na
Na2SiO3 x 9 H20	CHEBI:132108		
Na2SiO3·9H2O	CHEBI:132108		
Na2SiO3 x 9 H2O	CHEBI:132108		
Na2SiO3.9H2O	CHEBI:132108		
NaS2O3	CHEBI:132112		
VOSO4 x 5 H2O (0.01% w/v)	CHEBI:132758	vanadyl sulfate pentahydrate	5H2O.O4S.OV
ZnSO4 x 6 H2O	CHEBI:132762	zinc sulfate hexahydrate	6H2O.O4S.Zn
Disodium oxalate	CHEBI:132764	sodium oxalate	C2O4.2Na
0.5 M Nitrilotriacetic acid, disodium salt	CHEBI:132766	sodium nitrilotriacetate	C6H6NO6.3Na
Nitrilotriacetic acid, trisodium salt	CHEBI:132766	sodium nitrilotriacetate	C6H6NO6.3Na
Choline chloride	CHEBI:133341	choline chloride	C5H14NO.Cl
Mix	CHEBI:133626	mesoporphyrin IX	C34H38N4O4
Na2SiO3	CHEBI:1344098		
"Glycerol
ml"	CHEBI:134447	glycerol 1-monomycolate (C80) (Mycobacterium phlei)	C83H162O7
QF	CHEBI:141430	Gln-Phe	C14H19N3O4
Sulfur (powder)	CHEBI:14258		
Ferric iron citrate	CHEBI:144421	iron(III) citrate	C6H5FeO7
Iron(III) citrate	CHEBI:144421	iron(III) citrate	C6H5FeO7
Fe(NH3)citrate	CHEBI:144421	iron(III) citrate	C6H5FeO7
Coenzyme A	CHEBI:15346	coenzyme A	C21H36N7O16P3S
Pyruvate	CHEBI:15361	pyruvate	C3H3O3
Acetic acid	CHEBI:15366	acetic acid	C2H4O2
H2O	CHEBI:15377	water	H2O
DL-Malate	CHEBI:15589	(S)-malate(2-)	C4H4O5
L-Leucine	CHEBI:15603	L-leucine	C6H13NO2
L(+)-Tartaric acid	CHEBI:15671	L-tartaric acid	C4H6O6
Succinic acid	CHEBI:15741	succinic acid	C4H6O4
Nicotinic acid (PP)	CHEBI:15940	nicotinic acid	C6H5NO2
Niacin	CHEBI:15940	nicotinic acid	C6H5NO2
Nicotinic acid	CHEBI:15940	nicotinic acid	C6H5NO2
Nicotinic Acid	CHEBI:15940	nicotinic acid	C6H5NO2
Nicotinic Acid	CHEBI:15940	nicotinic acid	C6H5NO2
D(+)-Biotin	CHEBI:15956	biotin	C10H16N2O3S
D-Biotin	CHEBI:15956	biotin	C10H16N2O3S
d-Biotin	CHEBI:15956	biotin	C10H16N2O3S
Biotine	CHEBI:15956	biotin	C10H16N2O3S
Biotin	CHEBI:15956	biotin	C10H16N2O3S
L-Histidine	CHEBI:15971	L-histidine	C6H9N3O2
G Glycerol	CHEBI:15978	sn-glycerol 3-phosphate	C3H9O6P
Glycerol	CHEBI:15978	sn-glycerol 3-phosphate	C3H9O6P
L-Glutamic Acid	CHEBI:16015	L-glutamic acid	C5H9NO4
L-Glutamic acid	CHEBI:16015	L-glutamic acid	C5H9NO4
Isobutyric acid	CHEBI:16135	isobutyric acid	C4H8O2
iso-Butyric acid	CHEBI:16135	isobutyric acid	C4H8O2
Heptadecane	CHEBI:16148	heptadecane	C17H36
Urea	CHEBI:16199	urea	CH4N2O
Ethanol	CHEBI:16236	ethanol	C2H6O
FAD	CHEBI:16238	FAD	C27H33N9O15P2
L-Cystine	CHEBI:16283	L-cystine	C6H12N2O4S2
Pyridoxamine	CHEBI:16410	pyridoxamine	C8H12N2O2
L-Valine	CHEBI:16414	L-valine	C5H11NO2
L-Arginine	CHEBI:16467	L-arginine	C6H14N4O2
Lipoic acid	CHEBI:16494	lipoic acid	C8H14O2S2
D(+)-Trehalose	CHEBI:16551	alpha,alpha-trehalose	C12H22O11
Raffinose	CHEBI:16634	raffinose	C18H32O16
L-Methionine	CHEBI:16643	L-methionine	C5H11NO2S
Pyridoxine	CHEBI:16709	pyridoxine	C8H11NO3
Na2 α-ketoglutarate	CHEBI:16810	2-oxoglutarate(2-)	C5H4O5
2-Oxoglutarate	CHEBI:16810	2-oxoglutarate(2-)	C5H4O5
DL-Methionine	CHEBI:16811	methionine	C5H11NO2S
L-Tryptophan	CHEBI:16828	L-tryptophan	C11H12N2O2
Methylamine	CHEBI:16830	methylamine	CH5N
Glutathione	CHEBI:16856	glutathione	C10H17N3O6S
L-Threonine	CHEBI:16857	L-threonine	C4H9NO3
Calcium D(+)-Pantthenate	CHEBI:1687714		
D-Mannitol	CHEBI:16899	D-mannitol	C6H14O6
Creatine	CHEBI:16919	creatine	C4H9N3O2
L-Alanine	CHEBI:16977	L-alanine	C3H7NO2
Fish-Sperm DNA	CHEBI:16991	deoxyribonucleic acid	
Riboflavine (B2)	CHEBI:17015	riboflavin	C17H20N4O6
Riboflavin	CHEBI:17015	riboflavin	C17H20N4O6
L-Aspartic acid	CHEBI:17053	L-aspartic acid	C4H7NO4
Cellobiose	CHEBI:17057	cellobiose	C12H22O11
L-Serine	CHEBI:17115	L-serine	C3H7NO3
Na-caproate	CHEBI:17120	hexanoate	C6H11O2
Nicotinamide	CHEBI:17154	nicotinamide	C6H6N2O
L-Isoleucine	CHEBI:17191	L-isoleucine	C6H13NO2
L-Asparagine	CHEBI:17196	L-asparagine	C4H8N2O3
L-Asparagin	CHEBI:17196	L-asparagine	C4H8N2O3
Glycylglycine	CHEBI:17201	glycylglycine	C4H8N2O3
L-Proline	CHEBI:17203	L-proline	C5H9NO2
myo-Inositol	CHEBI:17268	myo-inositol	C6H12O6
Na2-ß-glycerophosphate	CHEBI:17270	glycerol 2-phosphate	C3H9O6P
Na-propionate	CHEBI:17272	propionate	C3H5O2
L-Phenylalanine	CHEBI:17295	L-phenylalanine	C9H11NO2
Tetrachloroethene	CHEBI:17300	tetrachloroethene	C2Cl4
n-Valeric acid	CHEBI:17418	valeric acid	C5H10O2
Valeric acid	CHEBI:17418	valeric acid	C5H10O2
Cyanocobalamin in	CHEBI:17439	cyanocob(III)alamin	C63H88CoN14O14P
Cyanocobalamin	CHEBI:17439	cyanocob(III)alamin	C63H88CoN14O14P
Mm Bicarbonate	CHEBI:17544		
L-cysteine-HCl x H2O	CHEBI:17561	L-cysteine	C3H7NO2S
Cysteine-HCL x H2O	CHEBI:17561	L-cysteine	C3H7NO2S
Cysteine-HCl x H2O	CHEBI:17561	L-cysteine	C3H7NO2S
L-Cysteine-HCl x H2O	CHEBI:17561	L-cysteine	C3H7NO2S
L-Cysteine	CHEBI:17561	L-cysteine	C3H7NO2S
Uracil	CHEBI:17568	uracil	C4H4N2O2
Toluene	CHEBI:17578	toluene	C7H8
KNO3	CHEBI:17632	nitrate	NO3
Vitamin 3	CHEBI:176839	vitamin B3	
Vitamin B12  (9)	CHEBI:176843	vitamin B12	
VitaminB12	CHEBI:176843	vitamin B12	
Vitamin B12  (4)	CHEBI:176843	vitamin B12	
Vitamin B12  (8)	CHEBI:176843	vitamin B12	
Vitamin B12	CHEBI:176843	vitamin B12	
Betaine	CHEBI:17750	glycine betaine	C5H11NO2
L-Glutathione (reduced)	CHEBI:177535	L-Glutathione (reduced)	C10H17N3O6S
Methanol	CHEBI:17790	methanol	CH4O
HCl.	CHEBI:17883	hydrogen chloride	HCl
HCl	CHEBI:17883	hydrogen chloride	HCl
L-Tyrosine	CHEBI:17895	L-tyrosine	C9H11NO3
Coenzyme M	CHEBI:17905	coenzyme M	C2H6O3S2
D-Sorbitol	CHEBI:17924	D-glucitol	C6H14O6
Na-butyrate	CHEBI:17968	butyrate	C4H7O2
Sucrose	CHEBI:17992	sucrose	C12H22O11
Fumaric acid	CHEBI:18012	fumaric acid	C4H4O4
L-Lysine	CHEBI:18019	L-lysine	C6H14N2O2
L-Glutamine	CHEBI:18050	L-glutamine	C5H10N2O3
4-Hydroxyphenyl acetic acid	CHEBI:18101	4-hydroxyphenylacetic acid	C8H8O3
Pyrocatechol	CHEBI:18135	catechol	C6H6O2
Maltose	CHEBI:18167	alpha-maltose	C12H22O11
Xylose	CHEBI:18222	xylose	C5H10O5
Glutamic acid	CHEBI:18237	glutamic acid	C5H9NO4
L-Fucose	CHEBI:18287	L-fucose	C6H12O5
Co Carboxylase	CHEBI:18290	thiamine(1+) diphosphate chloride	C12H19N4O7P2S.Cl
Thiamine (B1)	CHEBI:18385	thiamine(1+)	C12H17N4OS
CAPSO	CHEBI:183882		
Na-gluconate	CHEBI:18391	D-gluconate	C6H11O7
Pyridoxal phosphate	CHEBI:18405	pyridoxal 5'-phosphate	C8H10NO6P
(NH4)HCO3	CHEBI:184335		
NH4HCO3	CHEBI:184335		
CAPS buffer	CHEBI:191088		
Ferrihydrite	CHEBI:192761		
Ascorbic acid	CHEBI:22652	ascorbic acid	
Sodium DL-lactate	CHEBI:232798	sodium L-lactate	C3H5O3.Na
Na-(L)-lactate	CHEBI:232798		
Na-lactate	CHEBI:232798		
Na-L-lactate	CHEBI:232798		
Sodium L-lactate	CHEBI:232798	sodium L-lactate	C3H5O3.Na
CuSO4	CHEBI:23414	copper(II) sulfate	Cu.O4S
Copper Sulfate	CHEBI:23414	copper(II) sulfate	Cu.O4S
Sodium palmitate	CHEBI:234557		
Na gluconate	CHEBI:24265	gluconate	C6H11O7
Inositol	CHEBI:24848	inositol	C6H12O6
Agar	CHEBI:2509	agar	
(Agar	CHEBI:2509	agar	
agar	CHEBI:2509	agar	
agarose	CHEBI:2511	agarose	(C12H18O9)n.C12H20O10
Agarose	CHEBI:2511	agarose	(C12H18O9)n.C12H20O10
Malate	CHEBI:25115	malate	
DL-Mevalonic acid	CHEBI:25351	mevalonic acid	C6H12O4
DL-mevalonic acid	CHEBI:25351	mevalonic acid	C6H12O4
Nitrilotriacetate (NTA)	CHEBI:25548	nitrilotriacetate(3-)	C6H6NO6
Quinic acid	CHEBI:26493	quinic acid	
Nacl	CHEBI:26710	sodium chloride	Cl.Na
NaCl	CHEBI:26710	sodium chloride	Cl.Na
NaCL	CHEBI:26710	sodium chloride	Cl.Na
Na-succinate	CHEBI:26806	succinate	
Na Succinate	CHEBI:26806	succinate	
Succinate	CHEBI:26806	succinate	
Sulfur	CHEBI:26833	sulfur atom	S
H2SO4	CHEBI:26836	sulfuric acid	H2O4S
Thiamine	CHEBI:26948	vitamin B1	
1,4-Naphthoquinone	CHEBI:27418	1,4-naphthoquinone	C10H6O2
Folic Acid	CHEBI:27470	folic acid	C19H19N7O6
Folic acid	CHEBI:27470	folic acid	C19H19N7O6
Folic Acid	CHEBI:27470	folic acid	C19H19N7O6
DL-Histidine	CHEBI:27570	histidine	C6H9N3O2
Histidine	CHEBI:27570	histidine	C6H9N3O2
Cyclohexemid	CHEBI:27641	cycloheximide	C15H23NO4
Pullulan	CHEBI:27941	pullulan	(C37H62O30)n
N-Acetyl-D-glucosamine (Sigma)	CHEBI:28009	N-acetyl-beta-D-glucosamine	C8H15NO6
N-Acetyl Glucosamine	CHEBI:28009	N-acetyl-beta-D-glucosamine	C8H15NO6
Corn starch	CHEBI:28017		
Rice starch	CHEBI:28017		
Melibiose	CHEBI:28053	melibiose	C12H22O11
Galactose	CHEBI:28260	galactose	C6H12O6
Dimethyl sulfoxide	CHEBI:28262	dimethyl sulfoxide	C2H6OS
Isovaleric acid	CHEBI:28484	isovaleric acid	C5H10O2
3-Methyl-butyric acid	CHEBI:28484	isovaleric acid	C5H10O2
Triethanolamine	CHEBI:28621	triethanolamine	C6H15NO3
Fructose	CHEBI:28645	beta-D-fructofuranose	C6H12O6
Dextrin	CHEBI:28675	dextrin	
NaF	CHEBI:28741	sodium fluoride	F.Na
Stearic acid	CHEBI:28842	octadecanoic acid	C18H36O2
Cobalamine	CHEBI:28911		
Cobalamin (B12)	CHEBI:28911	cob(III)alamin	C62H88CoN13O14P
Na-ampicillin	CHEBI:28971	ampicillin	C16H19N3O4S
Ca-pantothenate	CHEBI:29032	(R)-pantothenate	C9H16NO5
Ca pantotenate	CHEBI:29032	(R)-pantothenate	C9H16NO5
Ca-Pantothenate	CHEBI:29032	(R)-pantothenate	C9H16NO5
L-Ascorbic acid	CHEBI:29073	L-ascorbic acid	C6H8O6
Sodium carbonate	CHEBI:29377	sodium carbonate	CO3.2Na
Na2CO3	CHEBI:29377	sodium carbonate	CO3.2Na
NaCO3	CHEBI:29377		
Mannitol	CHEBI:29864	mannitol	C6H14O6
Na-glutamate	CHEBI:29988	L-glutamate(2-)	C5H7NO4
Na-Thioglycolate	CHEBI:30066	thioglycolate(1-)	C2H3O2S
Na-thioglycolate	CHEBI:30066	thioglycolate(1-)	C2H3O2S
AlCl3	CHEBI:30114	aluminium trichloride	AlCl3
AlCl3.6H2O	CHEBI:30115	aluminium trichloride hexahydrate	AlCl3.6H2O
AlCl3·6H2O	CHEBI:30115	aluminium trichloride hexahydrate	AlCl3.6H2O
AlCl3 x 6 H2O	CHEBI:30115	aluminium trichloride hexahydrate	AlCl3.6H2O
Thioctic acid	CHEBI:30314	(R)-lipoic acid	C8H14O2S2
SiO2	CHEBI:30563	silicon dioxide	O2Si
MoO3	CHEBI:30627	molybdenum trioxide	MoO3
Fe(III)·EDTA	CHEBI:30729	ethylenediaminetetraacetatoferrate(1-)	C10H12N2O8.Fe
Fe(III)-EDTA	CHEBI:30729	ethylenediaminetetraacetatoferrate(1-)	C10H12N2O8.Fe
Phenyl acetic acid	CHEBI:30745	phenylacetic acid	C8H8O2
p-Aminobenzoic acid	CHEBI:30753	4-aminobenzoic acid	C7H7NO2
P-Aminobenzoic acid	CHEBI:30753	4-aminobenzoic acid	C7H7NO2
PABA	CHEBI:30753	4-aminobenzoic acid	C7H7NO2
Propionic acid	CHEBI:30768	propionic acid	C3H6O2
n-Butyric acid	CHEBI:30772	butyric acid	C4H8O2
Butyric acid	CHEBI:30772	butyric acid	C4H8O2
Capronic acid	CHEBI:30776	hexanoic acid	C6H12O2
Caproic acid	CHEBI:30776	hexanoic acid	C6H12O2
FeCl3	CHEBI:30808	iron trichloride	Cl3Fe
FeCl2	CHEBI:30812	iron dichloride	Cl2Fe
FeCl2 x 6 H2O	CHEBI:30812	iron dichloride	Cl2Fe
Sorbitol	CHEBI:30911	glucitol	C6H14O6
Na-tartrate	CHEBI:30924	L-tartrate(2-)	C4H4O6
KSCN	CHEBI:30951	potassium thiocyanate	CNS.K
Pyridoxine hydrochloride	CHEBI:30961	pyridoxine hydrochloride	C8H11NO3.HCl
NH4Cl	CHEBI:31206	ammonium chloride	Cl.H4N
NH4CL	CHEBI:31206	ammonium chloride	Cl.H4N
ammonium chloride	CHEBI:31206	ammonium chloride	Cl.H4N
NH4Cl2	CHEBI:31206	ammonium chloride	Cl.H4N
L-Arginine x HCl	CHEBI:31235		
L-Arginine x HCI	CHEBI:31235		
D-Calcium pantothenate	CHEBI:31345	Calcium pantothenate	2C9H16NO5.Ca
Hemicalcium D-(+)- pantothenate	CHEBI:31345		
Calcium pantothenate	CHEBI:31345	Calcium pantothenate	2C9H16NO5.Ca
D Calcium Panthothenate	CHEBI:31345	Calcium pantothenate	2C9H16NO5.Ca
DL-Calcium pantothenate	CHEBI:31345	Calcium pantothenate	2C9H16NO5.Ca
Calcium pantothenate	CHEBI:31345	Calcium pantothenate	2C9H16NO5.Ca
CuSO4 x 5 H2O	CHEBI:31440	copper(II) sulfate pentahydrate	Cu.5H2O.O4S
CuSO4.5H2O	CHEBI:31440	copper(II) sulfate pentahydrate	Cu.5H2O.O4S
CuSO4 . 5H2O	CHEBI:31440	copper(II) sulfate pentahydrate	Cu.5H2O.O4S
CuSO4·5H2O	CHEBI:31440	copper(II) sulfate pentahydrate	Cu.5H2O.O4S
CuSO4*5 H2O	CHEBI:31440	copper(II) sulfate pentahydrate	Cu.5H2O.O4S
Ferric Ammonium Citrate	CHEBI:31604	ferric ammonium citrate	
Ammonium ferric citrate	CHEBI:31604	ferric ammonium citrate	
Ferric ammonium citrate	CHEBI:31604	ferric ammonium citrate	
Indigocarmine	CHEBI:31695	indigo carmine	C16H8N2O8S2.2Na
MgSO47H2O	CHEBI:31795	magnesium sulfate heptahydrate	7H2O.Mg.O4S
MgSO2 x 7 H2O	CHEBI:31795		
MgSO 4 x 7 H2O	CHEBI:31795		
MgSO4·H2O	CHEBI:31795		
MgSO x 7 H2O	CHEBI:31795		
.MgSO4 x 7 H2O	CHEBI:31795		
MgSO4x7H2O	CHEBI:31795	magnesium sulfate heptahydrate	7H2O.Mg.O4S
MgSO4.7H2O	CHEBI:31795	magnesium sulfate heptahydrate	7H2O.Mg.O4S
MgSO4 x 7 H20	CHEBI:31795		
Potassium acetate	CHEBI:32029	potassium acetate	C2H3O2.K
KBr	CHEBI:32030	potassium bromide	Br.K
KOH	CHEBI:32035	potassium hydroxide	HO.K
K2SO4	CHEBI:32036	potassium sulfate	2K.O4S
K2SO4·7H2O	CHEBI:32036	potassium sulfate	2K.O4S
Sodium acetate trihydrate	CHEBI:32138	sodium acetate trihydrate	C2H3O2.3H2O.Na
NaHCO3	CHEBI:32139	sodium hydrogencarbonate	CHO3.Na
sodium bicarbonate	CHEBI:32139		
Na3Citrate x 2 H2O	CHEBI:32142		
Na3-citrate x 2 H2O (0.6 g/l stock solution)	CHEBI:32142		
Trisodium Citrate Dihydrate	CHEBI:32142	sodium citrate dihydrate	C6H5O7.2H2O.3Na
Na3-citrate x 2 H2O	CHEBI:32142		
Na3‐citrate x 2H2O	CHEBI:32142		
Sodium citrate	CHEBI:32142	sodium citrate dihydrate	C6H5O7.2H2O.3Na
Na3-Citrate x 2 H2O	CHEBI:32142		
Sodium Citrate	CHEBI:32142	sodium citrate dihydrate	C6H5O7.2H2O.3Na
Sodiumcitrate	CHEBI:32142	sodium citrate dihydrate	C6H5O7.2H2O.3Na
Na3‐citrate x 2H2O	CHEBI:32142		
Na2citrate x 2 H2O	CHEBI:32142		
Trisodium citrate dehydrate	CHEBI:32142	sodium citrate dihydrate	C6H5O7.2H2O.3Na
NaOH	CHEBI:32145	sodium hydroxide	HO.Na
Na2SeO4	CHEBI:32149	sodium sulfate	2Na.O4S
Na2SO4	CHEBI:32149	sodium sulfate	2Na.O4S
NaSO4	CHEBI:32149	sodium sulfate	2Na.O4S
Na2SO4 x 10 H2O	CHEBI:32149	sodium sulfate	2Na.O4S
Na2S2O3·5H2O	CHEBI:32150	sodium thiosulfate pentahydrate	5H2O.2Na.O3S2
Na2S2O3x5H2O	CHEBI:32150	sodium thiosulfate pentahydrate	5H2O.2Na.O3S2
Na2S2O3 x 5 H2O(24 % w/v)	CHEBI:32150	sodium thiosulfate pentahydrate	5H2O.2Na.O3S2
Na2S2O3 x 5H2O	CHEBI:32150	sodium thiosulfate pentahydrate	5H2O.2Na.O3S2
Na2S2O3 x 5 H2O (10% solution)	CHEBI:32150	sodium thiosulfate pentahydrate	5H2O.2Na.O3S2
Na2S2O3 x 5 H2O	CHEBI:32150	sodium thiosulfate pentahydrate	5H2O.2Na.O3S2
NaS2O3 x 5 H2O	CHEBI:32150		
Na2S2O3 x 5 H20	CHEBI:32150		
Na2S2O3	CHEBI:32150	sodium thiosulfate pentahydrate	5H2O.2Na.O3S2
ZnSO4*7H2O	CHEBI:32312	zinc sulfate heptahydrate	7H2O.O4S.Zn
ZnSO4*7 H2O	CHEBI:32312	zinc sulfate heptahydrate	7H2O.O4S.Zn
ZnSO4.7H2O	CHEBI:32312	zinc sulfate heptahydrate	7H2O.O4S.Zn
ZnSO4·7H2O	CHEBI:32312	zinc sulfate heptahydrate	7H2O.O4S.Zn
ZnSO4-7H2O	CHEBI:32312	zinc sulfate heptahydrate	7H2O.O4S.Zn
ZnSO4 x 7 H2O	CHEBI:32312	zinc sulfate heptahydrate	7H2O.O4S.Zn
Zn2SO4·7H2O	CHEBI:32312	zinc sulfate heptahydrate	7H2O.O4S.Zn
CaSO4·2H2O	CHEBI:32583	calcium sulfate dihydrate	Ca.2H2O.O4S
CaSO4 x 2 H2O	CHEBI:32583	calcium sulfate dihydrate	Ca.2H2O.O4S
CaSO4.2H2O	CHEBI:32583	calcium sulfate dihydrate	Ca.2H2O.O4S
potassium chloride	CHEBI:32588	potassium chloride	Cl.K
KCL	CHEBI:32588	potassium chloride	Cl.K
KCl	CHEBI:32588	potassium chloride	Cl.K
MgSO4 x 7 H2O solution (25%)	CHEBI:32599	magnesium sulfate	Mg.O4S
MgSO4 x7 H2O	CHEBI:32599	magnesium sulfate	Mg.O4S
MgSO4 x 7H2O	CHEBI:32599	magnesium sulfate	Mg.O4S
Mg2SO4	CHEBI:32599	magnesium sulfate	Mg.O4S
MgSO4 x 7 H2O (0.1% w/v)	CHEBI:32599	magnesium sulfate	Mg.O4S
MgSO4  x 7 H2O	CHEBI:32599	magnesium sulfate	Mg.O4S
Magnesium Sulfate	CHEBI:32599	magnesium sulfate	Mg.O4S
MgSO4 x 7 H2O to 15.0 g).	CHEBI:32599	magnesium sulfate	Mg.O4S
MgSO4 x 7H2O	CHEBI:32599	magnesium sulfate	Mg.O4S
MgSO4 x 7 H2O (100 mM)	CHEBI:32599	magnesium sulfate	Mg.O4S
MgSO4 x 6 H2O	CHEBI:32599	magnesium sulfate	Mg.O4S
MgSO4 x 7 H2O	CHEBI:32599	magnesium sulfate	Mg.O4S
MgSO4	CHEBI:32599	magnesium sulfate	Mg.O4S
MgSo4 x 7 H2O	CHEBI:32599	magnesium sulfate	Mg.O4S
magnesium sulfate	CHEBI:32599	magnesium sulfate	Mg.O4S
MgSO4·7H2O	CHEBI:32599	magnesium sulfate	Mg.O4S
MgSO4 x 6H2O	CHEBI:32599	magnesium sulfate	Mg.O4S
Putrescine	CHEBI:326268	1,4-butanediammonium	C4H14N2
Arginine	CHEBI:32696	argininium(1+)	C6H15N4O2
Sodium Acetate	CHEBI:32954	sodium acetate	C2H3O2.Na
Sodium acetate·3H2O	CHEBI:32954	sodium acetate	C2H3O2.Na
1 M Sodium acetate	CHEBI:32954	sodium acetate	C2H3O2.Na
Sodium acetate	CHEBI:32954	sodium acetate	C2H3O2.Na
sodium acetate	CHEBI:32954	sodium acetate	C2H3O2.Na
CaCO3	CHEBI:3311	calcium carbonate	CO3.Ca
H3BO3	CHEBI:33118	boric acid	H3BO3
CaCl2 x 7 H2O	CHEBI:3312	calcium dichloride	Ca.2Cl
CaCl2	CHEBI:3312	calcium dichloride	Ca.2Cl
CaCl 2	CHEBI:3312	calcium dichloride	Ca.2Cl
Nutrients	CHEBI:33284	nutrient	
Casein	CHEBI:3448		
Na2HPO4 x 2H2O	CHEBI:34683	disodium hydrogenphosphate	HO4P.2Na
Na2HPO4	CHEBI:34683	disodium hydrogenphosphate	HO4P.2Na
Na2HPO4·6H2O	CHEBI:34683	disodium hydrogenphosphate	HO4P.2Na
Na2HPO4 x 12 H2O	CHEBI:34683	disodium hydrogenphosphate	HO4P.2Na
Disodium Phosphate	CHEBI:34683	disodium hydrogenphosphate	HO4P.2Na
Na2H2PO4	CHEBI:34683	disodium hydrogenphosphate	HO4P.2Na
Na2HPO4 x2 H2O	CHEBI:34683	disodium hydrogenphosphate	HO4P.2Na
Na2HPO4 x 2 H2O	CHEBI:34683	disodium hydrogenphosphate	HO4P.2Na
Na2HPO4·2H2O	CHEBI:34683	disodium hydrogenphosphate	HO4P.2Na
NiCl2 x 2H2O	CHEBI:34887	nickel dichloride	Cl2Ni
NiCl2 x 2 H2O	CHEBI:34887	nickel dichloride	Cl2Ni
NiCl2	CHEBI:34887	nickel dichloride	Cl2Ni
NiCl2·6H2O	CHEBI:34887	nickel dichloride	Cl2Ni
NiCl2 x 6 H2O (0.1% w/v)	CHEBI:34887	nickel dichloride	Cl2Ni
NiCl2 x 6 H2O	CHEBI:34887	nickel dichloride	Cl2Ni
ZnSO4	CHEBI:35176	zinc sulfate	O4S.Zn
Zinc Sulfate	CHEBI:35176	zinc sulfate	O4S.Zn
Buffers	CHEBI:35225	buffer	
Na3VO4	CHEBI:35607	trisodium vanadate	3Na.O4V
CoCl2 x 2 H2O	CHEBI:35696	cobalt dichloride	2Cl.Co
CoCl2 x 4 H2O	CHEBI:35696	cobalt dichloride	2Cl.Co
CoCl2	CHEBI:35696	cobalt dichloride	2Cl.Co
CoCl 2	CHEBI:35696	cobalt dichloride	2Cl.Co
CoCl2 x 6 H2O	CHEBI:35696	cobalt dichloride	2Cl.Co
trans-Cinnamic acid	CHEBI:35697	trans-cinnamic acid	C9H8O2
Na-crotonate	CHEBI:35899	crotonate	C4H5O2
Lactose	CHEBI:36218	beta-lactose	C12H22O11
H2WO4	CHEBI:36272	tungstic acid	H2O4W
SrCl	CHEBI:36383	strontium dichloride	2Cl.Sr
SrCl2	CHEBI:36383	strontium dichloride	2Cl.Sr
SrCl 2	CHEBI:36383	strontium dichloride	2Cl.Sr
SrCl2 x 6 H2O	CHEBI:36385	strontium dichloride hexahydrate	Cl2Sr.6H2O
SrCl2·6H2O	CHEBI:36385	strontium dichloride hexahydrate	Cl2Sr.6H2O
SrCl2.6H2O	CHEBI:36385	strontium dichloride hexahydrate	Cl2Sr.6H2O
SrCl2 x 6 H2O (0.1% w/v)	CHEBI:36385	strontium dichloride hexahydrate	Cl2Sr.6H2O
Na-3-hydroxybutyrate	CHEBI:37054	3-hydroxybutyrate	C4H7O3
2-Methyl-butyric acid	CHEBI:37070	2-methylbutyric acid	C5H10O2
α-Methylbutyric acid	CHEBI:37070	2-methylbutyric acid	C5H10O2
DL-α-Methyl butyric acid	CHEBI:37070	2-methylbutyric acid	C5H10O2
DL-2-Methyl butyric acid	CHEBI:37070	2-methylbutyric acid	C5H10O2
2-Methylbutyric acid	CHEBI:37070	2-methylbutyric acid	C5H10O2
Xylan	CHEBI:37166	xylan	
sodium phosphate dibasic	CHEBI:37583	trisodium phosphate	3Na.O4P
NaH2PO4	CHEBI:37585	sodium dihydrogenphosphate	H2O4P.Na
NaH2PO4 x 2H2O	CHEBI:37585	sodium dihydrogenphosphate	H2O4P.Na
NaH2PO4·2H2O	CHEBI:37585	sodium dihydrogenphosphate	H2O4P.Na
NaH2PO4 x 2 H2O	CHEBI:37585	sodium dihydrogenphosphate	H2O4P.Na
Na-ascorbate	CHEBI:38290	L-ascorbate	C6H7O6
Na2B4O7	CHEBI:38892		
MES acids	CHEBI:39005		
MES (2-[N-Morpholino]ethane sulfonic acid)	CHEBI:39005	2-(N-morpholino)ethanesulfonic acid	C6H13NO4S
MES (2-Morpholinoethanesulfonic acid)	CHEBI:39005	2-(N-morpholino)ethanesulfonic acid	C6H13NO4S
MES [2-(N-morpholino) ethane sulfonic acid]	CHEBI:39005	2-(N-morpholino)ethanesulfonic acid	C6H13NO4S
MES	CHEBI:39010	MES	
PIPES	CHEBI:39033	PIPES	
TES	CHEBI:39035	TES	
ACES	CHEBI:39061	ACES	
MOPS	CHEBI:39074	MOPS	
Crotonic acid	CHEBI:41131	crotonic acid	C4H6O2
Decane	CHEBI:41808	decane	C10H22
n-Decane	CHEBI:41808	decane	C10H22
DL-Dithiothreitol	CHEBI:42106	L-1,4-dithiothreitol	C4H10O2S2
D­glucose	CHEBI:42758	aldehydo-D-glucose	C6H12O6
Glucose	CHEBI:42758	aldehydo-D-glucose	C6H12O6
α-D-Glucose	CHEBI:42758	aldehydo-D-glucose	C6H12O6
glucose	CHEBI:42758	aldehydo-D-glucose	C6H12O6
D-Glucose	CHEBI:42758	aldehydo-D-glucose	C6H12O6
D-glucose	CHEBI:42758	aldehydo-D-glucose	C6H12O6
D(+)-Glucose	CHEBI:42758	aldehydo-D-glucose	C6H12O6
Dextrose	CHEBI:42758	aldehydo-D-glucose	C6H12O6
α-Lipoic acid	CHEBI:43796	(S)-lipoic acid	C8H14O2S2
D,L-6,8-thioctic acid	CHEBI:43796	(S)-lipoic acid	C8H14O2S2
MEM	CHEBI:43968	meropenem	C17H25N3O5S
MOPS (3-(N-morpholino) propane-sulfonic acid)	CHEBI:44115	3-(N-morpholino)propanesulfonic acid	C7H15NO4S
MOPS buffer	CHEBI:44115		
Tris(hydroxymethyl)methylamine	CHEBI:44356	N-tris(hydroxymethyl)methyl-2-aminoethanesulfonic acid	C6H15NO6S
Nitrilotriacetic Acid	CHEBI:44557	nitrilotriacetic acid	C6H9NO6
Nitrilotriacetate	CHEBI:44557	nitrilotriacetic acid	C6H9NO6
Nitrilotriacetic acid	CHEBI:44557	nitrilotriacetic acid	C6H9NO6
Nitrilotriacetic acid (NTA)	CHEBI:44557	nitrilotriacetic acid	C6H9NO6
Hexadecane	CHEBI:45296	hexadecane	C16H34
Tetramethyl ammonium	CHEBI:46020		
HEPES	CHEBI:46756	HEPES	
Ethylenediamintetraacetic acid (EDTA),	CHEBI:4735	ethylenediaminetetraacetic acid	C10H16N2O8
K-acetate	CHEBI:47622	acetate ester	C2H3O2R
Thioglycolate	CHEBI:47869	thioglycolate(2-)	C2H2O2S
D-Fructose	CHEBI:48095	keto-D-fructose	C6H12O6
LiCl	CHEBI:48607	lithium chloride	Cl.Li
Na2SeO3	CHEBI:48843	disodium selenite	2Na.O3Se
Na2SeO3 x 5 H2O	CHEBI:48843	disodium selenite	2Na.O3Se
Na2SeO3·5H2O	CHEBI:48843	disodium selenite	2Na.O3Se
Na2SeO3 x 5 H2O (0.01% w/v)	CHEBI:48843	disodium selenite	2Na.O3Se
H2SeO3	CHEBI:48854	sulfurous acid	H2O3S
Thiamin HCl	CHEBI:49105	thiamine hydrochloride	C12H17N4OS.Cl.HCl
Thiamin-HCl	CHEBI:49105	thiamine hydrochloride	C12H17N4OS.Cl.HCl
Thiamine·HCl	CHEBI:49105	thiamine hydrochloride	C12H17N4OS.Cl.HCl
Thiamine-HCl	CHEBI:49105	thiamine hydrochloride	C12H17N4OS.Cl.HCl
Thiamine HCl	CHEBI:49105	thiamine hydrochloride	C12H17N4OS.Cl.HCl
Thiamine Dihydrochloride	CHEBI:49105	thiamine hydrochloride	C12H17N4OS.Cl.HCl
Thiamine HCl	CHEBI:49105	thiamine hydrochloride	C12H17N4OS.Cl.HCl
CuCl2	CHEBI:49553	copper(II) chloride	Cl2Cu
Fe (III)citrate	CHEBI:4991	iron(III) dicitrate(3-)	C12H10FeO14
Fe(III) citrate	CHEBI:4991	iron(III) dicitrate(3-)	C12H10FeO14
ZnCl2	CHEBI:49976	zinc dichloride	2Cl.Zn
ZnCl 2	CHEBI:49976	zinc dichloride	2Cl.Zn
Sodium pyruvate	CHEBI:50144	sodium pyruvate	C3H3O3.Na
Sodium Pyruvate	CHEBI:50144	sodium pyruvate	C3H3O3.Na
1 M Sodium pyruvate*	CHEBI:50144	sodium pyruvate	C3H3O3.Na
Phenyl propionic acid	CHEBI:501520		
iso-Valeric acid	CHEBI:503742		
Hemin	CHEBI:50385	hemin	C34H32ClFeN4O4
Hemin chloride	CHEBI:50385	hemin	C34H32ClFeN4O4
Dextran	CHEBI:52071	dextran	
Gelatin	CHEBI:5291	gelatin	
Citric acid	CHEBI:53258	sodium citrate	C6H5O7.3Na
Trisodium citrate·2H2O	CHEBI:53258	sodium citrate	C6H5O7.3Na
Trisodium citrate	CHEBI:53258	sodium citrate	C6H5O7.3Na
Trisodium citrate·3H2O	CHEBI:53258	sodium citrate	C6H5O7.3Na
Trisodium Citrate	CHEBI:53258	sodium citrate	C6H5O7.3Na
Tri-sodium citrate	CHEBI:53258	sodium citrate	C6H5O7.3Na
Trisodium citrate x 2 H2O	CHEBI:53258	sodium citrate	C6H5O7.3Na
Tween 60	CHEBI:53425	polysorbate 60	(C2H4O)w.(C2H4O)x.(C2H4O)y.(C2H4O)z.C24H46O6
Tween 80	CHEBI:53426	polysorbate 80	(C2H4O)w.(C2H4O)x.(C2H4O)y.(C2H4O)z.C24H44O6
CoSO4 x 7 H2O	CHEBI:53470	cobalt(2+) sulfate	Co.O4S
CoSO4	CHEBI:53470	cobalt(2+) sulfate	Co.O4S
CuCl	CHEBI:53472	copper(I) chloride	ClCu
L-Lysine HCl	CHEBI:53633		
Glycine	CHEBI:57305	glycine zwitterion	C2H5NO2
Biotin in	CHEBI:57586	biotinate	C10H15N2O3S
DL-Tryptophan	CHEBI:57912	L-tryptophan zwitterion	C11H12N2O2
Methylamine hydrochloride	CHEBI:59337	methylamine hydrochloride	CH6N.Cl
N-Acetylglucosamine	CHEBI:59640	N-acetylglucosamine	
(5)  Sodium metasilicate	CHEBI:60720	sodium silicate	2Na.O3Si
Sodium silicate	CHEBI:60720	sodium silicate	2Na.O3Si
(NH4)2SO4	CHEBI:62946	ammonium sulfate	2H4N.O4S
Ammonium Sulfate	CHEBI:62946	ammonium sulfate	2H4N.O4S
(NH4)2 SO4	CHEBI:62946	ammonium sulfate	2H4N.O4S
(NH4)2S4	CHEBI:62946	ammonium sulfate	2H4N.O4S
Ammonium acetate	CHEBI:62947	ammonium acetate	C2H3O2.H4N
Magnesium acetate	CHEBI:62964	magnesium acetate	2C2H3O2.Mg
Sodium formate	CHEBI:62965	sodium formate	CHO2.Na
(NH4)H2PO4	CHEBI:62982		
NH4H2PO4	CHEBI:62982		
NaBr	CHEBI:63004	sodium bromide	Br.Na
Sodium nitrate	CHEBI:63005	sodium nitrate	NO3.Na
Na NO3	CHEBI:63005		
NaNO3	CHEBI:63005		
Sodium tartrate	CHEBI:63017	sodium L-tartrate	C4H4O6.2Na
Monopotassium Phosphate	CHEBI:63036	potassium dihydrogen phosphate	H2O4P.K
potassium phosphate monobasic	CHEBI:63036	potassium dihydrogen phosphate	H2O4P.K
(NH4) citrate	CHEBI:63037		
(NH4)3 citrate	CHEBI:63037		
NH4NO3	CHEBI:63038		
(NH4)NO3	CHEBI:63038		
Diammonium Citrate	CHEBI:63076	diammonium citrate	C6H6O7.2H4N
(NH4)2 citrate	CHEBI:63076		
Diammonium hydrogen citrate	CHEBI:63076	diammonium citrate	C6H6O7.2H4N
Diammonium citrate	CHEBI:63076	diammonium citrate	C6H6O7.2H4N
EDTA di sodium salt	CHEBI:63125	EDTA trisodium salt	C10H13N2O8.3Na
BaCl2	CHEBI:63317	barium chloride	Ba.2Cl
Disodium succinate	CHEBI:63675	sodium succinate (anhydrous)	C4H4O4.2Na
Disodium succinate·6H2O	CHEBI:63675	sodium succinate (anhydrous)	C4H4O4.2Na
Sodium succinate	CHEBI:63675	sodium succinate (anhydrous)	C4H4O4.2Na
Na2WO4·2H2O	CHEBI:63939	sodium tungstate dihydrate	2H2O.2Na.O4W
NaWO4·2H2O	CHEBI:63939	sodium tungstate dihydrate	2H2O.2Na.O4W
Na2WO4 x 2 H2O (0.1% w/v)	CHEBI:63939	sodium tungstate dihydrate	2H2O.2Na.O4W
Na2WO4*2H2O	CHEBI:63939	sodium tungstate dihydrate	2H2O.2Na.O4W
Na2WO4	CHEBI:63940	sodium tungstate	2Na.O4W
Na2WO4 x 2H2O	CHEBI:63940	sodium tungstate	2Na.O4W
Na2WO4 x 2 H2O	CHEBI:63940	sodium tungstate	2Na.O4W
Sodium butyrate	CHEBI:64103	sodium butyrate	C4H7O2.Na
1 M Sodium butyrate	CHEBI:64103	sodium butyrate	C4H7O2.Na
Monosodium glutamate	CHEBI:64220	monosodium glutamate	C5H8NO4.Na
Sodium glutamate	CHEBI:64220	monosodium glutamate	C5H8NO4.Na
Sodium glutamate·H2O	CHEBI:64220	monosodium glutamate	C5H8NO4.Na
Methylamine-HCl	CHEBI:64700		
Trimethylamine·HCl	CHEBI:64700		
Trimethylamine-HCl	CHEBI:64700		
Na2-EDTA	CHEBI:64734	EDTA disodium salt (anhydrous)	C10H14N2O8.2Na
NA2 EDTA	CHEBI:64734	EDTA disodium salt (anhydrous)	C10H14N2O8.2Na
Na-EDTA	CHEBI:64734	EDTA disodium salt (anhydrous)	C10H14N2O8.2Na
NaEDTA	CHEBI:64734	EDTA disodium salt (anhydrous)	C10H14N2O8.2Na
Na2 EDTA	CHEBI:64734	EDTA disodium salt (anhydrous)	C10H14N2O8.2Na
Na3-EDTA	CHEBI:64734	EDTA disodium salt (anhydrous)	C10H14N2O8.2Na
Na2EDTA	CHEBI:64734	EDTA disodium salt (anhydrous)	C10H14N2O8.2Na
2Na-EDTA	CHEBI:64734	EDTA disodium salt (anhydrous)	C10H14N2O8.2Na
EDTA	CHEBI:64755	EDTA(2-)	C10H14N2O8
Na2EDTA.2H2O	CHEBI:64758	EDTA disodium salt dihydrate	C10H14N2O8.2H2O.2Na
Na2EDTA·2H2O	CHEBI:64758	EDTA disodium salt dihydrate	C10H14N2O8.2H2O.2Na
NaClO3	CHEBI:65242		
D-Xylose	CHEBI:65327	D-xylose	C5H10O5
MgCl2 x 2 H2O	CHEBI:6636	magnesium dichloride	2Cl.Mg
MgCl2 x 7 H2O	CHEBI:6636	magnesium dichloride	2Cl.Mg
MgCl2 X 6H2O	CHEBI:6636	magnesium dichloride	2Cl.Mg
MgCL2 x 6 H2O	CHEBI:6636	magnesium dichloride	2Cl.Mg
MgCl2 x 6H2O	CHEBI:6636	magnesium dichloride	2Cl.Mg
MgCl2 x 6H2O	CHEBI:6636	magnesium dichloride	2Cl.Mg
MgCl2x 6 H2O	CHEBI:6636	magnesium dichloride	2Cl.Mg
MgCl2 x 6 H2O	CHEBI:6636	magnesium dichloride	2Cl.Mg
MgCl2  x 76 H2O	CHEBI:6636	magnesium dichloride	2Cl.Mg
MgCl2  x 7 H2O	CHEBI:6636	magnesium dichloride	2Cl.Mg
MgCl 2	CHEBI:6636	magnesium dichloride	2Cl.Mg
MgCl2	CHEBI:6636	magnesium dichloride	2Cl.Mg
Mg(NO3)2·6H2O	CHEBI:6637	magnesium dihydroxide	2HO.Mg
DL-Malic acid	CHEBI:6650	malic acid	C4H6O5
Malic Acid	CHEBI:6650	malic acid	C4H6O5
DL-malic acid	CHEBI:6650	malic acid	C4H6O5
Sodium dithionite	CHEBI:66870	sodium dithionite	2Na.O4S2
Methylene blue	CHEBI:6872	methylene blue	C16H18N3S.Cl
Sodium pyrophosphate	CHEBI:71240	sodium diphosphate	4Na.O7P2
KF	CHEBI:73605	Lys-Phe	C15H23N3O3
Na2MoO4 x H2O	CHEBI:75213		
NaMoO4 x 2 H2O	CHEBI:75213		
Na2MoO4-2H2O	CHEBI:75213	sodium molybdate dihydrate	2H2O.MoO4.2Na
Na2MoSO4 x 2 H2O	CHEBI:75213		
Na2MoO4*2H2O	CHEBI:75213	sodium molybdate dihydrate	2H2O.MoO4.2Na
Na2MoO4.2H2O	CHEBI:75213	sodium molybdate dihydrate	2H2O.MoO4.2Na
Na2MoO4*2 H2O	CHEBI:75213	sodium molybdate dihydrate	2H2O.MoO4.2Na
Na2MoO4·2H2O	CHEBI:75215	sodium molybdate (anhydrous)	MoO4.2Na
Na2MoO4 x 2H2O	CHEBI:75215	sodium molybdate (anhydrous)	MoO4.2Na
Na2MoO4 x 2 H2O	CHEBI:75215	sodium molybdate (anhydrous)	MoO4.2Na
Na2MoO4	CHEBI:75215	sodium molybdate (anhydrous)	MoO4.2Na
Na2MoO4 x 2 H2O (0.1% w/v)	CHEBI:75215	sodium molybdate (anhydrous)	MoO4.2Na
NaVO3	CHEBI:75221	sodium metavanadate	Na.O3V
Na-(DL)-lactate	CHEBI:75228		
Sodium lactate	CHEBI:75228	sodium lactate	C3H5O3.Na
1 M Sodium lactate	CHEBI:75228	sodium lactate	C3H5O3.Na
Na-DL-lactate	CHEBI:75228		
K2CrO4	CHEBI:75249		
Glycerol monostearate	CHEBI:75456	2-stearoylglycerol	C21H42O4
FeSO4 x 6H2O	CHEBI:75832	iron(2+) sulfate (anhydrous)	Fe.O4S
FeSO4	CHEBI:75832	iron(2+) sulfate (anhydrous)	Fe.O4S
FeSO4 x 7H2O	CHEBI:75832	iron(2+) sulfate (anhydrous)	Fe.O4S
FeSO4 x7 H2O	CHEBI:75832	iron(2+) sulfate (anhydrous)	Fe.O4S
FeSO4 x7H2O	CHEBI:75836	iron(2+) sulfate heptahydrate	Fe.7H2O.O4S
FeSO4.7H2O	CHEBI:75836	iron(2+) sulfate heptahydrate	Fe.7H2O.O4S
Fe(NH4)2(SO4)2 x 6H2O	CHEBI:76181		
Fe(NH4)2(SO4)2 x 6 H2O	CHEBI:76181		
Fe(NH4)2(SO4)2 x 6 H2O (0.1% w/v)	CHEBI:76181		
Fe(NH4)2(SO4)2·6H2O	CHEBI:76181		
Fe(NH4)2(SO4)2 x 7 H2O	CHEBI:76181		
Fe(NH4)2(SO4)2 x 6 H2O (2% v/v)	CHEBI:76181		
Fe(NH4)2(SO4)2 x 6 H2O (0.01% w/v)	CHEBI:76181		
Na2S	CHEBI:76208	sodium sulfide (anhydrous)	2Na.S
Na2S·9H2O	CHEBI:76209	sodium sulfide nonahydrate	9H2O.2Na.S
Na2S x 9 H2O(24% w/v)	CHEBI:76209	sodium sulfide nonahydrate	9H2O.2Na.S
Na2S x 9 H2O (3% w/v)	CHEBI:76209	sodium sulfide nonahydrate	9H2O.2Na.S
Na2S x 9 H2O	CHEBI:76209	sodium sulfide nonahydrate	9H2O.2Na.S
MnCl2	CHEBI:7773015		
MnCl	CHEBI:7773015		
Ca(NO3)2	CHEBI:77732	cadmium nitrate	Cd.2NO3
Trypticase	CHEBI:78018	dodecylphosphocholine	C17H38NO4P
Bacto-Tryptone	CHEBI:78018	dodecylphosphocholine	C17H38NO4P
Casmino acids	CHEBI:78020	heptacosanoate	C27H53O2
Casaminoacids	CHEBI:78020	heptacosanoate	C27H53O2
Casamino acid	CHEBI:78020	heptacosanoate	C27H53O2
Casmino Acid	CHEBI:78020	heptacosanoate	C27H53O2
Casamino acids	CHEBI:78020	heptacosanoate	C27H53O2
Casamino Acids	CHEBI:78020	heptacosanoate	C27H53O2
Casamino Acid	CHEBI:78020	heptacosanoate	C27H53O2
SnCl2·2H2O	CHEBI:78074	tin(II) chloride dihydrate	2Cl.2H2O.Sn
NaNO2	CHEBI:78870	sodium nitrite	NO2.Na
Pantothenic acid	CHEBI:7916	pantothenic acid	C9H17NO5
N-Acetyl-D-glucosamine	CHEBI:8006	Peptidoglycan(N-acetyl-D-glucosamine)	C34H60N8O18
Bacto Soytone	CHEBI:8150		
Soytone	CHEBI:8150		
KHCO3	CHEBI:81862	potassium hydrogencarbonate	CHO3.K
KI	CHEBI:8346	potassium iodide	I.K
Sodium gluconate	CHEBI:84997	sodium gluconate	C6H11O7.Na
Carboxymethyl cellulose	CHEBI:85146	carboxymethylcellulose	
Starch	CHEBI:85248	gellan gum	
G Starch	CHEBI:85248	gellan gum	
Fe(NH4)(SO4)2 x 12 H2O	CHEBI:85503	Fe(CO)2(CN)	C3FeNO2
(NH4)2Ni(SO4)2	CHEBI:86149	ammonium nickel sulfate hexahydrate	6H2O.2H4N.Ni.2O4S
(NH4)2Ni(SO4)2•6H2O	CHEBI:86149	ammonium nickel sulfate hexahydrate	6H2O.2H4N.Ni.2O4S
(NH4)2Ni(SO4)2·6H2O	CHEBI:86149	ammonium nickel sulfate hexahydrate	6H2O.2H4N.Ni.2O4S
(NH4)2Ni(SO4)2 x 6 H2O (0.1% w/v)	CHEBI:86149	ammonium nickel sulfate hexahydrate	6H2O.2H4N.Ni.2O4S
BaCl2·2H2O	CHEBI:86153	barium chloride dihydrate	Ba.2Cl.2H2O
CaCl2 x2H2O	CHEBI:86158	calcium chloride dihydrate	Ca.2Cl.2H2O
CaCl 2 X 2 H2O	CHEBI:86158	calcium chloride dihydrate	Ca.2Cl.2H2O
Calcium Chloride	CHEBI:86158	calcium chloride dihydrate	Ca.2Cl.2H2O
CaCl2 x 2 H2O (50 g/l stock solution)	CHEBI:86158	calcium chloride dihydrate	Ca.2Cl.2H2O
CaCl2 x 2 H2O solution (7%)	CHEBI:86158	calcium chloride dihydrate	Ca.2Cl.2H2O
CaCl22H2O	CHEBI:86158	calcium chloride dihydrate	Ca.2Cl.2H2O
CaCl2x 2H2O	CHEBI:86158	calcium chloride dihydrate	Ca.2Cl.2H2O
CaCl2 x  2 H2O	CHEBI:86158	calcium chloride dihydrate	Ca.2Cl.2H2O
CaCl2·2H2O	CHEBI:86158	calcium chloride dihydrate	Ca.2Cl.2H2O
calcium chloride	CHEBI:86158	calcium chloride dihydrate	Ca.2Cl.2H2O
Calcium chloride dihydrate	CHEBI:86158	calcium chloride dihydrate	Ca.2Cl.2H2O
CaCL2 x 2 H2O	CHEBI:86158	calcium chloride dihydrate	Ca.2Cl.2H2O
CaCl2 x 2 H2O	CHEBI:86158	calcium chloride dihydrate	Ca.2Cl.2H2O
CaCl2  x 2 H2O	CHEBI:86158	calcium chloride dihydrate	Ca.2Cl.2H2O
CaCl2 x 2 H2O (5M)	CHEBI:86158	calcium chloride dihydrate	Ca.2Cl.2H2O
CaCl2x2H2O	CHEBI:86158	calcium chloride dihydrate	Ca.2Cl.2H2O
CaCl2 x 2 H2O (0.1% w/v)	CHEBI:86158	calcium chloride dihydrate	Ca.2Cl.2H2O
CaCl 2 x 2 H2O	CHEBI:86158	calcium chloride dihydrate	Ca.2Cl.2H2O
Ca(NO3)2 x 4 H2O	CHEBI:86159	calcium nitrate tetrahydrate	Ca.4H2O.2NO3
(1)  Ca(NO3)2.4H2O	CHEBI:86159	calcium nitrate tetrahydrate	Ca.4H2O.2NO3
Ca(NO3)2·4H2O	CHEBI:86159	calcium nitrate tetrahydrate	Ca.4H2O.2NO3
Ca(NO3)2x4H2O	CHEBI:86159	calcium nitrate tetrahydrate	Ca.4H2O.2NO3
Ca(NO3)2 x 4 H2O (0.1% w/v)	CHEBI:86159	calcium nitrate tetrahydrate	Ca.4H2O.2NO3
Chalcopyrite	CHEBI:86202	chalcopyrite	Cu.Fe.2S
Co(NO3)2	CHEBI:86209	cobalt dinitrate	Co.2NO3
Co(NO3)2 x 6H2O	CHEBI:86214	cobalt dinitrate hexahydrate	Co.6H2O.2NO3
Co(NO3)2·6H2O	CHEBI:86214	cobalt dinitrate hexahydrate	Co.6H2O.2NO3
Co(NO3)2.6H2O	CHEBI:86214	cobalt dinitrate hexahydrate	Co.6H2O.2NO3
FeCl2 x 4 H2O	CHEBI:86249	iron dichloride tetrahydrate	Cl2Fe.4H2O
FeCl2·4H2O	CHEBI:86249	iron dichloride tetrahydrate	Cl2Fe.4H2O
FeCl2 x 4 H2O (0.1% w/v in 0.2 N HCl)	CHEBI:86249	iron dichloride tetrahydrate	Cl2Fe.4H2O
FeCl 2 x 4 H2O	CHEBI:86249	iron dichloride tetrahydrate	Cl2Fe.4H2O
FeCl2 x 4 H2O (0.2% w/v in 0.02 N HCl)	CHEBI:86249	iron dichloride tetrahydrate	Cl2Fe.4H2O
FeCl3 x 6 H2O (0.5%)	CHEBI:86254	iron trichloride hexahydrate	Cl3Fe.6H2O
FeCl3 x 6 H2O (w/v=1%)	CHEBI:86254	iron trichloride hexahydrate	Cl3Fe.6H2O
FeCl3·6H2O	CHEBI:86254	iron trichloride hexahydrate	Cl3Fe.6H2O
FeCl3 x 6 H2O solution (2%)	CHEBI:86254	iron trichloride hexahydrate	Cl3Fe.6H2O
FeCl3.6H2O	CHEBI:86254	iron trichloride hexahydrate	Cl3Fe.6H2O
FeCl3 x 6 H2O (0.1% w/v in 0.2 N HCl)	CHEBI:86254	iron trichloride hexahydrate	Cl3Fe.6H2O
FeCl3 x 6 H2O	CHEBI:86254	iron trichloride hexahydrate	Cl3Fe.6H2O
FeCl3*6 H2O	CHEBI:86254	iron trichloride hexahydrate	Cl3Fe.6H2O
"FeCl3 x 6 H2O
NaEDTA"	CHEBI:86254	iron trichloride hexahydrate	Cl3Fe.6H2O
CuCl 2 x 2 H2O	CHEBI:86318	copper(II) chloride dihydrate	Cl2Cu.2H2O
CuCl2*2H2O	CHEBI:86318	copper(II) chloride dihydrate	Cl2Cu.2H2O
CuCl2-2H2O	CHEBI:86318	copper(II) chloride dihydrate	Cl2Cu.2H2O
CuCl2 x 2 H2O	CHEBI:86318	copper(II) chloride dihydrate	Cl2Cu.2H2O
CuCl2·2H2O	CHEBI:86318	copper(II) chloride dihydrate	Cl2Cu.2H2O
MgCl2·6H2O	CHEBI:86345	magnesium dichloride hexahydrate	2Cl.6H2O.Mg
MgCl2x6H2O	CHEBI:86345	magnesium dichloride hexahydrate	2Cl.6H2O.Mg
MgCl2x 6H2O	CHEBI:86345	magnesium dichloride hexahydrate	2Cl.6H2O.Mg
magnesium chloride	CHEBI:86345	magnesium dichloride hexahydrate	2Cl.6H2O.Mg
MgCl2 x 6 H2O (200 g/l stock solution)	CHEBI:86345	magnesium dichloride hexahydrate	2Cl.6H2O.Mg
MgCl2  x 6 H2O	CHEBI:86345	magnesium dichloride hexahydrate	2Cl.6H2O.Mg
MgCl2.6H2O	CHEBI:86345	magnesium dichloride hexahydrate	2Cl.6H2O.Mg
MnSO4 x 2 H2O (0.1% w/v)	CHEBI:86356	manganese(II) sulfate dihydrate	2H2O.Mn.O4S
MnSO4 x 2 H2O (1% solution)	CHEBI:86356	manganese(II) sulfate dihydrate	2H2O.Mn.O4S
MnSO4.4H2O	CHEBI:86358	manganese(II) sulfate tetrahydrate	4H2O.Mn.O4S
MnSO4 x 1 H2O	CHEBI:86360	manganese(II) sulfate	Mn.O4S
MnSO4 x H2O	CHEBI:86360	manganese(II) sulfate	Mn.O4S
MnSO4 x 5 H2O	CHEBI:86360	manganese(II) sulfate	Mn.O4S
MnSO4 x 4 H2O	CHEBI:86360	manganese(II) sulfate	Mn.O4S
MnSO4 x 2 H2O	CHEBI:86360	manganese(II) sulfate	Mn.O4S
MnSO4	CHEBI:86360	manganese(II) sulfate	Mn.O4S
MnSO4 x 7 H2O	CHEBI:86360	manganese(II) sulfate	Mn.O4S
MnSO4 x 7H2O	CHEBI:86360	manganese(II) sulfate	Mn.O4S
MnSO4 x 6 H2O	CHEBI:86360	manganese(II) sulfate	Mn.O4S
Manganese Sulfate	CHEBI:86364	manganese(II) sulfate monohydrate	H2O.Mn.O4S
AlK(SO4)2	CHEBI:86463	potassium aluminium sulfate	Al.K.2O4S
AlK(SO4)2·12H2O	CHEBI:86465	potassium aluminium sulfate dodecahydrate	Al.12H2O.K.2O4S
KAl(SO4)2 x 12 H2O	CHEBI:86465	potassium aluminium sulfate dodecahydrate	Al.12H2O.K.2O4S
KAl(SO4)2·12H2O	CHEBI:86465	potassium aluminium sulfate dodecahydrate	Al.12H2O.K.2O4S
AlK(SO4)2 x 12H2O	CHEBI:86465	potassium aluminium sulfate dodecahydrate	Al.12H2O.K.2O4S
K2S4O6	CHEBI:86466		
Na2MoO4 x 7 H2O	CHEBI:86473	sodium molybdate heptahydrate	7H2O.MoO4.2Na
Na2SO3	CHEBI:86477	sodium sulfite	2Na.O3S
Sodium thioglycolate	CHEBI:86481	sodium thioglycolate	C2H3O2S.Na
L-Sodium lactate	CHEBI:867561		
VoSO4 x 2 H2O	CHEBI:87014	vanadyl sulfate hexahydrate	6H2O.O4S.OV
VOSO4 x 5 H2O	CHEBI:87014	vanadyl sulfate hexahydrate	6H2O.O4S.OV
VOSO4 x 2 H2O	CHEBI:87014	vanadyl sulfate hexahydrate	6H2O.O4S.OV
VOSO4·xH2O	CHEBI:87020	vanadyl sulfate hydrate	(H2O)n.O5SV
Mg(SO4) x 7 H2O (350 g/l stock solution)	CHEBI:87258	monoacylglycerol 18:3	C21H36O4
Mg(SO4) x 7H2O	CHEBI:87258	monoacylglycerol 18:3	C21H36O4
Resazurin	CHEBI:8806	Resazurin	C12H7NO4
3-Indolyl acetic acid	CHEBI:88356	3-methylphenylacetic acid	C9H10O2
CaCl2x6H2O	CHEBI:91243	calcium chloride hexahydrate	Ca.2Cl.6H2O
CaCl2 x 6 H2O	CHEBI:91243	calcium chloride hexahydrate	Ca.2Cl.6H2O
CuCl2 x 5 H2O	CHEBI:91245	copper(II) chloride pentahydrate	Cl2Cu.5H2O
CuSO4 x 6 H2O	CHEBI:91246	copper(II) sulfate hexahydrate	Cu.6H2O.O4S
L-Cysteiniumchloride	CHEBI:91247	L-cysteine hydrochloride	C3H7NO2S.HCl
Cystein-HCl x 2 H2O (5% (w/v))	CHEBI:91248		
Ammonium Molybdate	CHEBI:91249	ammonium molybdate	2H4N.MoO4
(NH4)2MoO4	CHEBI:91249	ammonium molybdate	2H4N.MoO4
Na2HAsO4 x 7 H2O	CHEBI:91257	disodium hydrogenarsenate heptahydrate	7H2O.HAsO4.2Na
DL-Sodium malate	CHEBI:91260	disodium malate	
Sodium L-malate	CHEBI:91261	disodium (S)-malate	C4H4O5.2Na
Sodium Malate And	CHEBI:91261	disodium (S)-malate	C4H4O5.2Na
Sodium malate	CHEBI:91261	disodium (S)-malate	C4H4O5.2Na
Sodium DL-malate	CHEBI:91261	disodium (S)-malate	C4H4O5.2Na
sodium malate	CHEBI:91261	disodium (S)-malate	C4H4O5.2Na
Sodium maleate	CHEBI:91263	disodium maleate	C4H2O4.2Na
Thiamine pyrophosphate	CHEBI:9532	thiamine(1+) diphosphate	C12H19N4O7P2S
0.2% Thiamine pyrophosphate	CHEBI:9532	thiamine(1+) diphosphate	C12H19N4O7P2S
Tris(hydroxymethyl)aminomethane	CHEBI:9754	tris	C4H11NO3
Tris base	CHEBI:9754	tris	C4H11NO3
Tris [tris(hydroxymethyl)aminomethane]	CHEBI:9754	tris	C4H11NO3
TRIS	CHEBI:9754	tris	C4H11NO3
Tris [tris(hydroxymethyl)aminomethane]	CHEBI:9754	tris	C4H11NO3
Tris (hydroxymethyl aminomethane)	CHEBI:9754	tris	C4H11NO3
Tris buffer 1M	CHEBI:9754	tris	C4H11NO3
Tween 20	CHEBI:9784		
MgCl 2 x 6 H2O	KEGG:C07755		
MgCl2 x 6 H20	KEGG:C07755		
MgCl x 6 H2O	KEGG:C07755		
MgCl x 7 H2O	KEGG:C07755		
Na2Se3 x 5 H2O	PUBCHEM.COMPOUND:24934.0		
Betaine Hydrochloride	PubChem:11545		
Na2-tartrate x 2 H2O	PubChem:12598458		
TAPSO	PubChem:128929		
(NH4)6Mo7O24	PubChem:129630846		
NiCl2 x 6 H20	PubChem:129831233		
Na-glycerophosphate	PubChem:14754		
Sodium glycerophosphate	PubChem:14754		
Na-glycerol phosphate	PubChem:14754		
Na2-ß-glycerolphosphate	PubChem:14754		
Sodium β-glycerophosphate	PubChem:14754		
Malt extract	PubChem:159480023		
Na2B4O7 x 10H2O	PubChem:16211214		
Na2B4O7 x 10 H2O	PubChem:16211214		
Na2B4O7·10H2O	PubChem:16211214		
Natetrathionate	PubChem:16218438		
Fe2(SO4)3 x X H2O	PubChem:167265		
Fe2(SO4)3 x H2O	PubChem:167265		
Fetal Bovine Serum	PubChem:167312532		
Fetal bovine serum	PubChem:167312532		
Vitamin-free casamino acids	PubChem:167312541		
peptone	PubChem:167312541		
Peptone	PubChem:167312541		
Soya peptone	PubChem:167312541		
Soy peptone	PubChem:167312541		
soy peptone	PubChem:167312541		
Soja peptone	PubChem:167312541		
Calcium malate	PubChem:167659		
Glacial acetic acid	PubChem:176		
Na2SeO4 x 10 H2O	PubChem:202320		
Na-aspartate	PubChem:21806		
Na3-citrate x 5 H2O	PubChem:21868242		
Ferric citrate monohydrate	PubChem:22178220		
Na-meta silicate	PubChem:23266		
Na-meta-silicate	PubChem:23266		
Maltose monohydrate	PubChem:23615261		
NaHSeO3	PubChem:23669629		
Potassium Glutamate	PubChem:23695977		
CrK(SO4)2·12H2O	PubChem:24596		
Nitrilotriacetic acid trisodium salt monohydrate	PubChem:29194		
MnCl2 x 2 H2O	PubChem:30200		
MnCl2 x 4H2O	PubChem:30200		
MnCl2 x 4 H2O (0.1% w/v)	PubChem:30200		
MnCl2 x 4 H2O	PubChem:30200		
MnCl2 x 4 H2O (0.36 g/l)	PubChem:30200		
MnCl2·4H2O	PubChem:30200		
MnCl 2 x 4 H2O	PubChem:30200		
SrSO4	PubChem:3084026		
Sea Salt	PubChem:5234		
Mg	PubChem:5462224		
mg	PubChem:5462224		
Activated carbon	PubChem:5462310		
NaNH4HPO4 x 4 H2O	PubChem:56924540		
L-Cysteine x HCl	PubChem:5862		
L-cysteine HCl	PubChem:5862		
L-Cystein Hcl	PubChem:5862		
L-Cystein HCl	PubChem:5862		
Cysteine-HCl	PubChem:5862		
Cysteine HCl	PubChem:5862		
L-Cysteine-HCl	PubChem:5862		
Cystein-HCL	PubChem:5862		
Ferric citrate	PubChem:61300		
ferric citrate	PubChem:61300		
Na2SO3 x 5 H20	PubChem:61495		
Na2-9,10-anthraquinone-2,6-disulfonate (TCI A0308)	PubChem:70070		
Absolute ethanol	PubChem:702		
Trisodium citrate·H2O	PubChem:71474		
Potassium Aspartate	PubChem:71586907		
L-Ornithine HCl	PubChem:76654		
Sodium polygalacturonate	PubChem:86278167		
Fe(III)NH4-EDTA	PubChem:88842		
Tris-HCl buffer	PubChem:93573		
Nicotine amide	PubChem:936		
Deionized water	PubChem:962		
Li2B4O7	PubChem:9815330		
Sheep blood	UBERON:0000178		
Horse blood	UBERON:0000178		
Defibrinated Blood	UBERON:0000178		
Defibrinated Sheep Blood	UBERON:0000178		
5% defibrinated sheep blood	UBERON:0000178		
Clarified rumen fluid	UBERON:0001970		
Calf serum	UBERON:0001977		
