original_name	mapped_id	chebi_label	chebi_formula
(1)  Ca(NO3)2.4H2O	CHEBI:86159	calcium nitrate tetrahydrate	Ca.4H2O.2NO3
(5)  Sodium metasilicate	CHEBI:60720	sodium silicate	2Na.O3Si
(Agar	CHEBI:2509	agar	
(NH4) citrate	CHEBI:63037	triammonium citrate	C6H5O7.3H4N
(NH4)2 citrate	CHEBI:63076	diammonium citrate	C6H6O7.2H4N
(NH4)2 SO4	CHEBI:62946	ammonium sulfate	2H4N.O4S
(NH4)2MoO4	CHEBI:91249	ammonium molybdate	2H4N.MoO4
(NH4)2Ni(SO4)2	CHEBI:86149	ammonium nickel sulfate hexahydrate	6H2O.2H4N.Ni.2O4S
(NH4)2Ni(SO4)2 x 6 H2O (0.1% w/v)	CHEBI:86149	ammonium nickel sulfate hexahydrate	6H2O.2H4N.Ni.2O4S
(NH4)2Ni(SO4)2·6H2O	CHEBI:86149	ammonium nickel sulfate hexahydrate	6H2O.2H4N.Ni.2O4S
(NH4)2Ni(SO4)2•6H2O	CHEBI:86149	ammonium nickel sulfate hexahydrate	6H2O.2H4N.Ni.2O4S
(NH4)2S4	CHEBI:62946	ammonium sulfate	2H4N.O4S
(NH4)2SO4	CHEBI:62946	ammonium sulfate	2H4N.O4S
(NH4)3 citrate	CHEBI:63037	triammonium citrate	C6H5O7.3H4N
(NH4)6Mo7O24	CAS-RN:12027-67-7		
(NH4)6Mo7O24 x 4 H2O	CAS-RN:12054-85-2		
(NH4)6Mo7O24·4H2O	CAS-RN:12054-85-2		
(NH4)6Mo7O4 x 24 H2O	CAS-RN:12054-85-2		
(NH4)6MoO24·4H2O	CAS-RN:12054-85-2		
(NH4)6MoO7O24 x 4 H2O	CAS-RN:12054-85-2		
(NH4)H2PO4	CHEBI:62982	ammonium dihydrogen phosphate	H2O4P.H4N
(NH4)HCO3	CHEBI:184335	Ammonium bicarbonate	CHO3.H4N
(NH4)Mo7O24·4H2O	CAS-RN:12054-85-2		
(NH4)MoO7O24 x 4 H2O	CAS-RN:12054-85-2		
(NH4)NO3	CHEBI:63038	ammonium nitrate	H4N.NO3
.MgSO4 x 7 H2O	CHEBI:31795	magnesium sulfate heptahydrate	7H2O.Mg.O4S
0.2% Thiamine pyrophosphate	CHEBI:9532	thiamine(1+) diphosphate	C12H19N4O7P2S
0.5 M Nitrilotriacetic acid, disodium salt	CHEBI:132766	sodium nitrilotriacetate	C6H6NO6.3Na
1 M Sodium acetate	CHEBI:32954	sodium acetate	C2H3O2.Na
1 M Sodium butyrate	CHEBI:64103	sodium butyrate	C4H7O2.Na
1 M Sodium lactate	CHEBI:75228	sodium lactate	C3H5O3.Na
1 M Sodium pyruvate*	CHEBI:50144	sodium pyruvate	C3H3O3.Na
1,4-Naphthoquinone	CHEBI:27418	1,4-naphthoquinone	C10H6O2
2-Methyl-butyric acid	CHEBI:37070	2-methylbutyric acid	C5H10O2
2-Methylbutyric acid	CHEBI:37070	2-methylbutyric acid	C5H10O2
2-Oxoglutarate	CHEBI:16810	2-oxoglutarate(2-)	C5H4O5
2Na-EDTA	CHEBI:64734	EDTA disodium salt (anhydrous)	C10H14N2O8.2Na
3-Indolyl acetic acid	CHEBI:88356	3-methylphenylacetic acid	C9H10O2
3-Methyl-butyric acid	CHEBI:28484	isovaleric acid	C5H10O2
4-Hydroxyphenyl acetic acid	CHEBI:18101	4-hydroxyphenylacetic acid	C8H8O3
5% defibrinated sheep blood	UBERON:0000178		
Absolute ethanol	PubChem:702		
ACES	CHEBI:39061	ACES	
Acetic acid	CHEBI:15366	acetic acid	C2H4O2
Activated carbon	CAS-RN:7440-44-0		
Agar	CHEBI:2509	agar	
agar	CHEBI:2509	agar	
agarose	CHEBI:2511	agarose	(C12H18O9)n.C12H20O10
Agarose	CHEBI:2511	agarose	(C12H18O9)n.C12H20O10
AlCl3	CHEBI:30114	aluminium trichloride	AlCl3
AlCl3 x 6 H2O	CHEBI:30115	aluminium trichloride hexahydrate	AlCl3.6H2O
AlCl3.6H2O	CHEBI:30115	aluminium trichloride hexahydrate	AlCl3.6H2O
AlCl3·6H2O	CHEBI:30115	aluminium trichloride hexahydrate	AlCl3.6H2O
AlK(SO4)2	CHEBI:86463	potassium aluminium sulfate	Al.K.2O4S
AlK(SO4)2 x 12H2O	CHEBI:86465	potassium aluminium sulfate dodecahydrate	Al.12H2O.K.2O4S
AlK(SO4)2·12H2O	CHEBI:86465	potassium aluminium sulfate dodecahydrate	Al.12H2O.K.2O4S
Ammonium acetate	CHEBI:62947	ammonium acetate	C2H3O2.H4N
ammonium chloride	CHEBI:31206	ammonium chloride	Cl.H4N
Ammonium ferric citrate	CHEBI:31604	ferric ammonium citrate	
Ammonium Molybdate	CHEBI:91249	ammonium molybdate	2H4N.MoO4
Ammonium Sulfate	CHEBI:62946	ammonium sulfate	2H4N.O4S
Arginine	CHEBI:32696	argininium(1+)	C6H15N4O2
Ascorbic acid	CHEBI:22652	ascorbic acid	
B12	CHEBI:156213	(4-{[(3,5-dimethylisoxazol-4-yl)methyl]amino}quinazolin-2-yl)methanol	C15H16N4O2
BaCl2	CHEBI:63317	barium chloride	Ba.2Cl
BaCl2·2H2O	CHEBI:86153	barium chloride dihydrate	Ba.2Cl.2H2O
Bacto beef extract	CHEBI:132852	lespedezol D1	C16H14O5
Bacto Peptone	CAS-RN:51142-18-8		
Bacto peptone	CAS-RN:51142-18-8		
Bacto Soytone	CHEBI:8150		
Bacto Tryptic Soy Broth without Dextrose	medium:1260		
Bacto-peptone	CAS-RN:51142-18-8		
Bacto-Peptone	CAS-RN:51142-18-8		
Bacto-Tryptone	CHEBI:78018	dodecylphosphocholine	C17H38NO4P
Bactopeptone	CAS-RN:51142-18-8		
Basal salts solution	ingredient:1732		
Beef extract	CHEBI:132852	lespedezol D1	C16H14O5
beef extract	CHEBI:132852	lespedezol D1	C16H14O5
Beef Extract	CHEBI:132852	lespedezol D1	C16H14O5
Betaine	CHEBI:17750	glycine betaine	C5H11NO2
Betaine Hydrochloride	CAS-RN:590-46-5		
Biotin	CHEBI:15956	biotin	C10H16N2O3S
Biotine	CHEBI:15956	biotin	C10H16N2O3S
Biotin in	CHEBI:57586	biotinate	C10H15N2O3S
Bovine serum albumin	CAS-RN:9048-46-8		
Buffers	CHEBI:35225	buffer	
Butyric acid	CHEBI:30772	butyric acid	C4H8O2
Ca pantotenate	CHEBI:29032	(R)-pantothenate	C9H16NO5
Ca(NO3)2	CHEBI:77732	cadmium nitrate	Cd.2NO3
Ca(NO3)2 x 4 H2O	CHEBI:86159	calcium nitrate tetrahydrate	Ca.4H2O.2NO3
Ca(NO3)2 x 4 H2O (0.1% w/v)	CHEBI:86159	calcium nitrate tetrahydrate	Ca.4H2O.2NO3
Ca(NO3)2x4H2O	CHEBI:86159	calcium nitrate tetrahydrate	Ca.4H2O.2NO3
Ca(NO3)2·4H2O	CHEBI:86159	calcium nitrate tetrahydrate	Ca.4H2O.2NO3
Ca-pantothenate	CHEBI:29032	(R)-pantothenate	C9H16NO5
Ca-Pantothenate	CHEBI:29032	(R)-pantothenate	C9H16NO5
CaCl 2	CHEBI:3312	calcium dichloride	Ca.2Cl
CaCl 2 X 2 H2O	CHEBI:3312	calcium dichloride	Ca.2Cl
CaCl 2 x 2 H2O	CHEBI:3312	calcium dichloride	Ca.2Cl
CaCl2	CHEBI:3312	calcium dichloride	Ca.2Cl
CaCl2  x 2 H2O	CHEBI:3312	calcium dichloride	Ca.2Cl
CaCl2 x  2 H2O	CHEBI:3312	calcium dichloride	Ca.2Cl
CaCL2 x 2 H2O	CHEBI:86158	calcium chloride dihydrate	Ca.2Cl.2H2O
CaCl2 x 2 H2O	CHEBI:3312	calcium dichloride	Ca.2Cl
CaCl2 x 2 H2O (0.1% w/v)	CHEBI:3312	calcium dichloride	Ca.2Cl
CaCl2 x 2 H2O (50 g/l stock solution)	CHEBI:3312	calcium dichloride	Ca.2Cl
CaCl2 x 2 H2O (5M)	CHEBI:3312	calcium dichloride	Ca.2Cl
CaCl2 x 2 H2O solution (7%)	CHEBI:3312	calcium dichloride	Ca.2Cl
CaCl2 x 6 H2O	CHEBI:3312	calcium dichloride	Ca.2Cl
CaCl2 x 7 H2O	CHEBI:3312	calcium dichloride	Ca.2Cl
CaCl2 x2H2O	CHEBI:3312	calcium dichloride	Ca.2Cl
CaCl22H2O	CHEBI:86158	calcium chloride dihydrate	Ca.2Cl.2H2O
CaCl2x 2H2O	CHEBI:3312	calcium dichloride	Ca.2Cl
CaCl2x2H2O	CHEBI:3312	calcium dichloride	Ca.2Cl
CaCl2x6H2O	CHEBI:3312	calcium dichloride	Ca.2Cl
CaCl2·2H2O	CHEBI:86158	calcium chloride dihydrate	Ca.2Cl.2H2O
CaCO3	CHEBI:3311	calcium carbonate	CO3.Ca
calcium chloride	CHEBI:86158	calcium chloride dihydrate	Ca.2Cl.2H2O
Calcium Chloride	CHEBI:86158	calcium chloride dihydrate	Ca.2Cl.2H2O
Calcium chloride dihydrate	CHEBI:86158	calcium chloride dihydrate	Ca.2Cl.2H2O
Calcium D(+)-Pantthenate	CHEBI:1687714		
Calcium malate	CAS-RN:16426-50-9		
Calcium pantothenate	CHEBI:31345	Calcium pantothenate	2C9H16NO5.Ca
Calcium pantothenate	CHEBI:31345	Calcium pantothenate	2C9H16NO5.Ca
Calf serum	UBERON:0001977		
Caproic acid	CHEBI:30776	hexanoic acid	C6H12O2
Capronic acid	CHEBI:30776	hexanoic acid	C6H12O2
CAPS buffer	CHEBI:191088	Cyclohexylaminopropanesulfonic acid	C9H19NO3S
CAPSO	CHEBI:183882	3-(cyclohexylamino)-2-hydroxy-1-propanesulfonic acid	C9H19NO4S
Carboxymethyl cellulose	CHEBI:85146	carboxymethylcellulose	
Carboxymethyl cellulose, sodium salt	medium:1111		
Casamino acid	CHEBI:78020	heptacosanoate	C27H53O2
Casamino Acid	CHEBI:78020	heptacosanoate	C27H53O2
Casamino acids	CHEBI:78020	heptacosanoate	C27H53O2
Casamino Acids	CHEBI:78020	heptacosanoate	C27H53O2
Casamino acids (BD)	ingredient:101		
Casaminoacids	CHEBI:78020	heptacosanoate	C27H53O2
Casein	CHEBI:3448		
Casmino Acid	CHEBI:78020	heptacosanoate	C27H53O2
Casmino acids	CHEBI:78020	heptacosanoate	C27H53O2
CaSO4 x 2 H2O	CHEBI:32583	calcium sulfate dihydrate	Ca.2H2O.O4S
CaSO4.2H2O	CHEBI:32583	calcium sulfate dihydrate	Ca.2H2O.O4S
CaSO4·2H2O	CHEBI:32583	calcium sulfate dihydrate	Ca.2H2O.O4S
Cellobiose	CHEBI:17057	cellobiose	C12H22O11
Cellobiose or Cellulose MN 300	ingredient:1627		
Chalcopyrite	CHEBI:86202	chalcopyrite	Cu.Fe.2S
Charcoal-filtered, natural seawater	ingredient:2142		
Cheese whey	CAS-RN:92129-90-3		
Choline chloride	CHEBI:133341	choline chloride	C5H14NO.Cl
Citric acid	CHEBI:53258	sodium citrate	C6H5O7.3Na
Clarified rumen fluid	ingredient:rumen_fluid		
Co Carboxylase	CHEBI:18290	thiamine(1+) diphosphate chloride	C12H19N4O7P2S.Cl
Co(NO3)2	CHEBI:86209	cobalt dinitrate	Co.2NO3
Co(NO3)2 x 6H2O	CHEBI:86214	cobalt dinitrate hexahydrate	Co.6H2O.2NO3
Co(NO3)2.6H2O	CHEBI:86214	cobalt dinitrate hexahydrate	Co.6H2O.2NO3
Co(NO3)2·6H2O	CHEBI:86214	cobalt dinitrate hexahydrate	Co.6H2O.2NO3
Cobalamin (B12)	CHEBI:28911	cob(III)alamin	C62H88CoN13O14P
Cobalamine	CHEBI:28911	cob(III)alamin	C62H88CoN13O14P
CoCl 2	CHEBI:35696	cobalt dichloride	2Cl.Co
CoCl2	CHEBI:35696	cobalt dichloride	2Cl.Co
CoCl2 x 2 H2O	CHEBI:35696	cobalt dichloride	2Cl.Co
CoCl2 x 4 H2O	CHEBI:35696	cobalt dichloride	2Cl.Co
CoCl2 x 6 H2O	CHEBI:35696	cobalt dichloride	2Cl.Co
CoCl2.6H2O	CHEBI:35696	cobalt dichloride	2Cl.Co
Coenzyme A	CHEBI:15346	coenzyme A	C21H36N7O16P3S
Coenzyme M	CHEBI:17905	coenzyme M	C2H6O3S2
Copper Sulfate	CHEBI:23414	copper(II) sulfate	Cu.O4S
Corn meal agar	medium:J1329		
Corn starch	CHEBI:28017	starch	
Corn steep liquor	ingredient:corn_steep_liquor		
CoSO4	CHEBI:53470	cobalt(2+) sulfate	Co.O4S
CoSO4 x 7 H2O	CHEBI:31795	magnesium sulfate heptahydrate	7H2O.Mg.O4S
Creatine	CHEBI:16919	creatine	C4H9N3O2
CrK(SO4)2·12H2O	CAS-RN:7788-99-0		
Crotonic acid	CHEBI:41131	crotonic acid	C4H6O2
CuCl	CHEBI:53472	copper(I) chloride	ClCu
CuCl 2 x 2 H2O	CHEBI:86318	copper(II) chloride dihydrate	Cl2Cu.2H2O
CuCl2	CHEBI:49553	copper(II) chloride	Cl2Cu
CuCl2 x 2 H2O	CHEBI:86318	copper(II) chloride dihydrate	Cl2Cu.2H2O
CuCl2 x 5 H2O	CHEBI:91245	copper(II) chloride pentahydrate	Cl2Cu.5H2O
CuCl2*2H2O	CHEBI:86318	copper(II) chloride dihydrate	Cl2Cu.2H2O
CuCl2-2H2O	CHEBI:86318	copper(II) chloride dihydrate	Cl2Cu.2H2O
CuCl2·2H2O	CHEBI:86318	copper(II) chloride dihydrate	Cl2Cu.2H2O
CuSO4	CHEBI:23414	copper(II) sulfate	Cu.O4S
CuSO4 . 5H2O	CHEBI:31440	copper(II) sulfate pentahydrate	Cu.5H2O.O4S
CuSO4 x 5 H2O	CHEBI:23414	copper(II) sulfate	Cu.O4S
CuSO4 x 6 H2O	CHEBI:23414	copper(II) sulfate	Cu.O4S
CuSO4*5 H2O	CHEBI:31440	copper(II) sulfate pentahydrate	Cu.5H2O.O4S
CuSO4.5H2O	CHEBI:23414	copper(II) sulfate	Cu.O4S
CuSO4·5H2O	CHEBI:31440	copper(II) sulfate pentahydrate	Cu.5H2O.O4S
Cyanocobalamin	CHEBI:17439	cyanocob(III)alamin	C63H88CoN14O14P
Cyanocobalamin in	CHEBI:17439	cyanocob(III)alamin	C63H88CoN14O14P
Cyclohexemid	CHEBI:27641	cycloheximide	C15H23NO4
Cystein-HCL	PubChem:5862		
Cystein-HCl x 2 H2O (5% (w/v))	ingredient:983		
Cysteine HCl	PubChem:5862		
Cysteine-HCl	PubChem:5862		
Cysteine-HCL x H2O	ingredient:983		
Cysteine-HCl x H2O	ingredient:983		
D Calcium Panthothenate	CHEBI:31345	Calcium pantothenate	2C9H16NO5.Ca
D(+)-Biotin	CHEBI:15956	biotin	C10H16N2O3S
D(+)-Glucose	CHEBI:42758	aldehydo-D-glucose	C6H12O6
D(+)-Trehalose	CHEBI:16551	alpha,alpha-trehalose	C12H22O11
D,L-6,8-thioctic acid	CHEBI:43796	(S)-lipoic acid	C8H14O2S2
D-Biotin	CHEBI:15956	biotin	C10H16N2O3S
d-Biotin	CHEBI:15956	biotin	C10H16N2O3S
D-Calcium pantothenate	CHEBI:31345	Calcium pantothenate	2C9H16NO5.Ca
D-Fructose	CHEBI:48095	keto-D-fructose	C6H12O6
D-Galactose	CHEBI:12936	D-galactose	C6H12O6
D-glucose	CHEBI:42758	aldehydo-D-glucose	C6H12O6
D-Glucose	CHEBI:42758	aldehydo-D-glucose	C6H12O6
D-Mannitol	CHEBI:16899	D-mannitol	C6H14O6
D-Sorbitol	CHEBI:17924	D-glucitol	C6H14O6
D-Xylose	CHEBI:65327	D-xylose	C5H10O5
Decane	CHEBI:41808	decane	C10H22
Defibrinated Blood	UBERON:0000178		
Defibrinated Sheep Blood	UBERON:0000178		
Deionized water	PubChem:962		
Dextran	CHEBI:52071	dextran	
Dextrin	CHEBI:28675	dextrin	
Dextrose	CHEBI:42758	aldehydo-D-glucose	C6H12O6
Diammonium citrate	CHEBI:63076	diammonium citrate	C6H6O7.2H4N
Diammonium Citrate	CHEBI:63076	diammonium citrate	C6H6O7.2H4N
Diammonium hydrogen citrate	CHEBI:63076	diammonium citrate	C6H6O7.2H4N
Difco marine broth (Difco 2216)	ingredient:difco_marine_broth_2216		
Difco marine broth (Difco2216)	ingredient:difco_marine_broth_2216		
Difco Marine Broth 2216	ingredient:difco_marine_broth_2216		
Dimethyl sulfoxide	CHEBI:28262	dimethyl sulfoxide	C2H6OS
dipotassium hydrogen phosphate	CHEBI:131527	dipotassium hydrogen phosphate	HO4P.2K
Dipotassium Phosphate	CHEBI:131527	dipotassium hydrogen phosphate	HO4P.2K
Disodium fumarate	CHEBI:115156	disodium fumarate	C4H2O4.2Na
Disodium oxalate	CHEBI:132764	sodium oxalate	C2O4.2Na
Disodium Phosphate	CHEBI:34683	disodium hydrogenphosphate	HO4P.2Na
Disodium succinate	CHEBI:63675	sodium succinate (anhydrous)	C4H4O4.2Na
Disodium succinate·6H2O	CHEBI:63686	sodium succinate hexahydrate	C4H4O4.6H2O.2Na
DL-2-Methyl butyric acid	CHEBI:37070	2-methylbutyric acid	C5H10O2
DL-Calcium pantothenate	CHEBI:31345	Calcium pantothenate	2C9H16NO5.Ca
DL-Dithiothreitol	CHEBI:42106	L-1,4-dithiothreitol	C4H10O2S2
DL-Histidine	CHEBI:27570	histidine	C6H9N3O2
DL-Malate	CHEBI:15589	(S)-malate(2-)	C4H4O5
DL-Malic acid	CHEBI:6650	malic acid	C4H6O5
DL-malic acid	CHEBI:6650	malic acid	C4H6O5
DL-Methionine	CHEBI:16811	methionine	C5H11NO2S
DL-mevalonic acid	CHEBI:25351	mevalonic acid	C6H12O4
DL-Mevalonic acid	CHEBI:25351	mevalonic acid	C6H12O4
DL-Sodium malate	CHEBI:91260	disodium malate	
DL-Tryptophan	CHEBI:57912	L-tryptophan zwitterion	C11H12N2O2
DL-α-Methyl butyric acid	CHEBI:37070	2-methylbutyric acid	C5H10O2
Dung extract	ingredient:725		
D­glucose	CHEBI:42758	aldehydo-D-glucose	C6H12O6
E26 + biotin	medium:C28		
EDTA	CHEBI:64755	EDTA(2-)	C10H14N2O8
EDTA di sodium salt	CHEBI:63125	EDTA trisodium salt	C10H13N2O8.3Na
EG:JM	medium:C27		
Ethanol	CHEBI:16236	ethanol	C2H6O
Ethylenediamintetraacetic acid (EDTA),	CHEBI:4735	ethylenediaminetetraacetic acid	C10H16N2O8
FAD	CHEBI:16238	FAD	C27H33N9O15P2
Fastidious Anaerobe Basal Broth (OXOID)	ingredient:1079		
Fe (III)citrate	CHEBI:4991	iron(III) dicitrate(3-)	C12H10FeO14
Fe(III) citrate	CHEBI:4991	iron(III) dicitrate(3-)	C12H10FeO14
Fe(III)-EDTA	CHEBI:30729	ethylenediaminetetraacetatoferrate(1-)	C10H12N2O8.Fe
Fe(III)NH4-EDTA	CAS-RN:21265-50-9		
Fe(III)·EDTA	CHEBI:30729	ethylenediaminetetraacetatoferrate(1-)	C10H12N2O8.Fe
Fe(NH3)citrate	CHEBI:144421	iron(III) citrate	C6H5FeO7
Fe(NH4)(SO4)2 x 12 H2O	CHEBI:85503	Fe(CO)2(CN)	C3FeNO2
Fe(NH4)2(SO4)2 x 6 H2O	CHEBI:76181	ferrous ammonium sulfate hexahydrate	Fe.6H2O.2H4N.2O4S
Fe(NH4)2(SO4)2 x 6 H2O (0.01% w/v)	CHEBI:76181	ferrous ammonium sulfate hexahydrate	Fe.6H2O.2H4N.2O4S
Fe(NH4)2(SO4)2 x 6 H2O (0.1% w/v)	CHEBI:76181	ferrous ammonium sulfate hexahydrate	Fe.6H2O.2H4N.2O4S
Fe(NH4)2(SO4)2 x 6 H2O (2% v/v)	CHEBI:76181	ferrous ammonium sulfate hexahydrate	Fe.6H2O.2H4N.2O4S
Fe(NH4)2(SO4)2 x 6H2O	CHEBI:76181	ferrous ammonium sulfate hexahydrate	Fe.6H2O.2H4N.2O4S
Fe(NH4)2(SO4)2 x 7 H2O	CHEBI:76181	ferrous ammonium sulfate hexahydrate	Fe.6H2O.2H4N.2O4S
Fe(NH4)2(SO4)2·6H2O	CHEBI:76181	ferrous ammonium sulfate hexahydrate	Fe.6H2O.2H4N.2O4S
Fe2(SO4)3 x H2O	CAS-RN:15244-10-7		
Fe2(SO4)3 x n H2O	ingredient:1742		
Fe2(SO4)3 x X H2O	CAS-RN:15244-10-7		
FeCl 2 x 4 H2O	CHEBI:86249	iron dichloride tetrahydrate	Cl2Fe.4H2O
FeCl2	CHEBI:30812	iron dichloride	Cl2Fe
FeCl2 x 4 H2O	CHEBI:86249	iron dichloride tetrahydrate	Cl2Fe.4H2O
FeCl2 x 4 H2O (0.1% w/v in 0.2 N HCl)	CHEBI:86249	iron dichloride tetrahydrate	Cl2Fe.4H2O
FeCl2 x 4 H2O (0.2% w/v in 0.02 N HCl)	CHEBI:86249	iron dichloride tetrahydrate	Cl2Fe.4H2O
FeCl2 x 6 H2O	CHEBI:30812	iron dichloride	Cl2Fe
FeCl2·4H2O	CHEBI:86249	iron dichloride tetrahydrate	Cl2Fe.4H2O
FeCl3	CHEBI:30808	iron trichloride	Cl3Fe
FeCl3 x 6 H2O	CHEBI:30808	iron trichloride	Cl3Fe
"FeCl3 x 6 H2O
NaEDTA"	CHEBI:86254	iron trichloride hexahydrate	Cl3Fe.6H2O
FeCl3 x 6 H2O (0.1% w/v in 0.2 N HCl)	CHEBI:30808	iron trichloride	Cl3Fe
FeCl3 x 6 H2O (0.5%)	CHEBI:30808	iron trichloride	Cl3Fe
FeCl3 x 6 H2O (w/v=1%)	CHEBI:30808	iron trichloride	Cl3Fe
FeCl3 x 6 H2O solution (2%)	CHEBI:30808	iron trichloride	Cl3Fe
FeCl3*6 H2O	CHEBI:86254	iron trichloride hexahydrate	Cl3Fe.6H2O
FeCl3.6H2O	CHEBI:30808	iron trichloride	Cl3Fe
FeCl3·6H2O	CHEBI:86254	iron trichloride hexahydrate	Cl3Fe.6H2O
FePO4	CHEBI:131371	iron(3+) phosphate	Fe.O4P
Ferric ammonium citrate	CHEBI:31604	ferric ammonium citrate	
Ferric Ammonium Citrate	CHEBI:31604	ferric ammonium citrate	
Ferric citrate	CHEBI:31605	Ferric citrate (59 Fe)	C6H5O7
ferric citrate	CHEBI:31605	Ferric citrate (59 Fe)	C6H5O7
Ferric citrate monohydrate	ingredient:2378		
Ferric iron citrate	CHEBI:144421	iron(III) citrate	C6H5FeO7
Ferrihydrite	CHEBI:192761	ferrihydrite	
FeSO4	CHEBI:75832	iron(2+) sulfate (anhydrous)	Fe.O4S
FeSO4 x 6H2O	CHEBI:75832	iron(2+) sulfate (anhydrous)	Fe.O4S
FeSO4 x 7H2O	CHEBI:75832	iron(2+) sulfate (anhydrous)	Fe.O4S
FeSO4 x7 H2O	CHEBI:75832	iron(2+) sulfate (anhydrous)	Fe.O4S
FeSO4 x7H2O	CHEBI:75832	iron(2+) sulfate (anhydrous)	Fe.O4S
FeSO4.7H2O	CHEBI:75832	iron(2+) sulfate (anhydrous)	Fe.O4S
Fetal Bovine Serum	CAS-RN:9014-81-7		
Fetal bovine serum	CAS-RN:9014-81-7		
Fish meat extract	ingredient:1672		
Fish-Sperm DNA	ingredient:976		
Folic acid	CHEBI:27470	folic acid	C19H19N7O6
Folic Acid	CHEBI:27470	folic acid	C19H19N7O6
Folic Acid	CHEBI:27470	folic acid	C19H19N7O6
Freshwater medium	medium:J474		
Fructose	CHEBI:28645	beta-D-fructofuranose	C6H12O6
Fumaric acid	CHEBI:18012	fumaric acid	C4H4O4
G Bacto Peptone	CAS-RN:51142-18-8		
G Glycerol	CHEBI:15978	sn-glycerol 3-phosphate	C3H9O6P
G Starch	CHEBI:85248	gellan gum	
G Yeast Extract	CAS-RN:8013-01-2		
Galactose	CHEBI:28260	galactose	C6H12O6
Gelatin	CHEBI:5291	gelatin	
Glacial acetic acid	PubChem:176		
Glucose	CHEBI:42758	aldehydo-D-glucose	C6H12O6
glucose	CHEBI:42758	aldehydo-D-glucose	C6H12O6
Glutamic acid	CHEBI:18237	glutamic acid	C5H9NO4
Glutathione	CHEBI:16856	glutathione	C10H17N3O6S
Glycerol	CHEBI:15978	sn-glycerol 3-phosphate	C3H9O6P
"Glycerol
ml"	CHEBI:134447	glycerol 1-monomycolate (C80) (Mycobacterium phlei)	C83H162O7
Glycerol monostearate	CHEBI:75456	2-stearoylglycerol	C21H42O4
Glycine	CHEBI:57305	glycine zwitterion	C2H5NO2
Glycylglycine	CHEBI:17201	glycylglycine	C4H8N2O3
H2O	CHEBI:15377	water	H2O
H2SeO3	CHEBI:48854	sulfurous acid	H2O3S
H2SO4	CHEBI:26836	sulfuric acid	H2O4S
H2WO4	CHEBI:36272	tungstic acid	H2O4W
H3BO3	CHEBI:33118	boric acid	H3BO3
H3BO4	ingredient:1250		
HCl	CHEBI:17883	hydrogen chloride	HCl
HCl.	CHEBI:17883	hydrogen chloride	HCl
Hemicalcium D-(+)- pantothenate	CHEBI:31345	Calcium pantothenate	2C9H16NO5.Ca
Hemin	CHEBI:50385	hemin	C34H32ClFeN4O4
Hemin chloride	CHEBI:50385	hemin	C34H32ClFeN4O4
HEPES	CHEBI:46756	HEPES	
Heptadecane	CHEBI:16148	heptadecane	C17H36
Hexadecane	CHEBI:45296	hexadecane	C16H34
Hipolypepton	ingredient:2060		
Histidine	CHEBI:27570	histidine	C6H9N3O2
Horse blood	ingredient:724		
Indigocarmine	CHEBI:31695	indigo carmine	C16H8N2O8S2.2Na
Inositol	CHEBI:24848	inositol	C6H12O6
Iron(III) citrate	CHEBI:144421	iron(III) citrate	C6H5FeO7
iso-Butyric acid	CHEBI:16135	isobutyric acid	C4H8O2
iso-Valeric acid	CHEBI:503742		
Isobutyric acid	CHEBI:16135	isobutyric acid	C4H8O2
Isovaleric acid	CHEBI:28484	isovaleric acid	C5H10O2
Isovitalex	ingredient:isovitalex		
K 2HPO4	CHEBI:131527	dipotassium hydrogen phosphate	HO4P.2K
K Medium	medium:C42		
K minimum	medium:C43		
K-acetate	CHEBI:47622	acetate ester	C2H3O2R
K2CO3	CHEBI:131526	potassium carbonate	CO3.2K
K2CrO4	CHEBI:75249	potassium chromate	CrO4.2K
K2HPO4	CHEBI:131527	dipotassium hydrogen phosphate	HO4P.2K
K2HPO4 x 3 H2O	CHEBI:131527	dipotassium hydrogen phosphate	HO4P.2K
K2HSO4	ingredient:1895		
K2S4O6	CHEBI:86466	potassium tetrathionate	2K.O6S4
K2SO4	CHEBI:32036	potassium sulfate	2K.O4S
K2SO4·7H2O	CHEBI:32036	potassium sulfate	2K.O4S
K35 Medium	medium:C42		
KAl(SO4)2 x 12 H2O	CHEBI:86465	potassium aluminium sulfate dodecahydrate	Al.12H2O.K.2O4S
KAl(SO4)2·12H2O	CHEBI:86465	potassium aluminium sulfate dodecahydrate	Al.12H2O.K.2O4S
KBr	CHEBI:32030	potassium bromide	Br.K
KCl	CHEBI:32588	potassium chloride	Cl.K
KCL	CHEBI:32588	potassium chloride	Cl.K
KF	CHEBI:73605	Lys-Phe	C15H23N3O3
KH2HPO4	CHEBI:131527	dipotassium hydrogen phosphate	HO4P.2K
KH2PO4 x 7 H2O	ingredient:1161		
KHCO3	CHEBI:81862	potassium hydrogencarbonate	CHO3.K
KI	CHEBI:8346	potassium iodide	I.K
KNO3	CHEBI:17632	nitrate	NO3
KOH	CHEBI:32035	potassium hydroxide	HO.K
KSCN	CHEBI:30951	potassium thiocyanate	CNS.K
L(+)-Tartaric acid	CHEBI:15671	L-tartaric acid	C4H6O6
L-Alanine	CHEBI:16977	L-alanine	C3H7NO2
L-Arginine	CHEBI:16467	L-arginine	C6H14N4O2
L-Arginine x HCI	CHEBI:31235	Arginine hydrochloride	C6H14N4O2.HCl
L-Arginine x HCl	CHEBI:31235	Arginine hydrochloride	C6H14N4O2.HCl
L-Ascorbic acid	CHEBI:29073	L-ascorbic acid	C6H8O6
L-Asparagin	CHEBI:17196	L-asparagine	C4H8N2O3
L-Asparagine	CHEBI:17196	L-asparagine	C4H8N2O3
L-Aspartic acid	CHEBI:17053	L-aspartic acid	C4H7NO4
L-Cystein Hcl	PubChem:5862		
L-Cystein HCl	PubChem:5862		
L-Cysteine	CHEBI:17561	L-cysteine	C3H7NO2S
L-cysteine HCl	PubChem:5862		
L-Cysteine x HCl	PubChem:5862		
L-Cysteine-HCl	PubChem:5862		
L-Cysteine-HCl x H2O	ingredient:983		
L-cysteine-HCl x H2O	ingredient:983		
L-Cysteine·HCl·H2O solution*	ingredient:1860		
L-Cysteiniumchloride	CHEBI:91247	L-cysteine hydrochloride	C3H7NO2S.HCl
L-Cystein·HCl·H2O	ingredient:983		
L-Cystine	CHEBI:16283	L-cystine	C6H12N2O4S2
L-Fucose	CHEBI:18287	L-fucose	C6H12O5
L-Glutamic acid	CHEBI:16015	L-glutamic acid	C5H9NO4
L-Glutamic Acid	CHEBI:16015	L-glutamic acid	C5H9NO4
L-Glutamine	CHEBI:18050	L-glutamine	C5H10N2O3
L-Glutathione (reduced)	CHEBI:177535	L-Glutathione (reduced)	C10H17N3O6S
L-Histidine	CHEBI:15971	L-histidine	C6H9N3O2
L-Isoleucine	CHEBI:17191	L-isoleucine	C6H13NO2
L-Leucine	CHEBI:15603	L-leucine	C6H13NO2
L-Lysine	CHEBI:18019	L-lysine	C6H14N2O2
L-Lysine HCl	CHEBI:53633	L-lysine hydrochloride	C6H14N2O2.HCl
L-Methionine	CHEBI:16643	L-methionine	C5H11NO2S
L-Ornithine HCl	CAS-RN:3184-13-2		
L-Phenylalanine	CHEBI:17295	L-phenylalanine	C9H11NO2
L-Proline	CHEBI:17203	L-proline	C5H9NO2
L-Serine	CHEBI:17115	L-serine	C3H7NO3
L-Sodium lactate	CHEBI:867561		
L-Threonine	CHEBI:16857	L-threonine	C4H9NO3
L-Tryptophan	CHEBI:16828	L-tryptophan	C11H12N2O2
L-Tyrosine	CHEBI:17895	L-tyrosine	C9H11NO3
L-Valine	CHEBI:16414	L-valine	C5H11NO2
Lab-Lemco beef extract	CAS-RN:91079-38-8		
Lactose	CHEBI:36218	beta-lactose	C12H22O11
LB broth powder	ingredient:1999		
Leibovitz's L-15 medium	ingredient:1941		
Leptospira Enrichment EMJH	ingredient:992		
Li2B4O7	CAS-RN:12007-60-2		
LiCl	CHEBI:48607	lithium chloride	Cl.Li
Lipoic acid	CHEBI:16494	lipoic acid	C8H14O2S2
Magnesium acetate	CHEBI:62964	magnesium acetate	2C2H3O2.Mg
magnesium chloride	CHEBI:86345	magnesium dichloride hexahydrate	2Cl.6H2O.Mg
Magnesium Sulfate	CHEBI:32599	magnesium sulfate	Mg.O4S
magnesium sulfate	CHEBI:32599	magnesium sulfate	Mg.O4S
Maize extract	ingredient:575		
Maize meal	ingredient:1985		
Malate	CHEBI:25115	malate	
Malic Acid	CHEBI:6650	malic acid	C4H6O5
Malt extract	CAS-RN:8002-48-0		
Malt extract broth	ingredient:malt_extract		
Malt extract powder	ingredient:malt_extract		
Malted wheat meal	ingredient:1881		
Maltose	CHEBI:18167	alpha-maltose	C12H22O11
Maltose monohydrate	PubChem:23615261		
Malt extract	CAS-RN:8002-48-0		
Manganese Sulfate	CHEBI:86364	manganese(II) sulfate monohydrate	H2O.Mn.O4S
Mannitol	CHEBI:29864	mannitol	C6H14O6
Meat Extract	CHEBI:132852	lespedezol D1	C16H14O5
Meat extract	CHEBI:132852	lespedezol D1	C16H14O5
Melibiose	CHEBI:28053	melibiose	C12H22O11
MEM	CHEBI:43968	meropenem	C17H25N3O5S
MErds / MY75S	medium:C54		
MES	CHEBI:39010	MES	
MES (2-[N-Morpholino]ethane sulfonic acid)	CHEBI:39005	2-(N-morpholino)ethanesulfonic acid	C6H13NO4S
MES (2-Morpholinoethanesulfonic acid)	CHEBI:39005	2-(N-morpholino)ethanesulfonic acid	C6H13NO4S
MES [2-(N-morpholino) ethane sulfonic acid]	CHEBI:39005	2-(N-morpholino)ethanesulfonic acid	C6H13NO4S
MES acids	CHEBI:39005	2-(N-morpholino)ethanesulfonic acid	C6H13NO4S
Metal solution (see below)	ingredient:1863		
Methanol	CHEBI:17790	methanol	CH4O
Methanol solution (see below)*	ingredient:1863		
Methylamine	CHEBI:16830	methylamine	CH5N
Methylamine hydrochloride	CHEBI:59337	methylamine hydrochloride	CH6N.Cl
Methylamine-HCl	CHEBI:64700	trimethylamine hydrochloride	C3H9N.HCl
Methylene blue	CHEBI:6872	methylene blue	C16H18N3S.Cl
Mg	CHEBI:73611	Met-Gly	C7H14N2O3S
mg	CHEBI:73611	Met-Gly	C7H14N2O3S
Mg(NO3)2·6H2O	CHEBI:6637	magnesium dihydroxide	2HO.Mg
Mg(SO4) x 7 H2O (350 g/l stock solution)	CHEBI:31795	magnesium sulfate heptahydrate	7H2O.Mg.O4S
Mg(SO4) x 7H2O	CHEBI:31795	magnesium sulfate heptahydrate	7H2O.Mg.O4S
Mg2SO4	CHEBI:32599	magnesium sulfate	Mg.O4S
MgCl 2	CHEBI:6636	magnesium dichloride	2Cl.Mg
MgCl 2 x 6 H2O	KEGG:C07755		
MgCl x 6 H2O	KEGG:C07755		
MgCl x 7 H2O	KEGG:C07755		
MgCl2	CHEBI:6636	magnesium dichloride	2Cl.Mg
MgCl2  x 6 H2O	CHEBI:86345	magnesium dichloride hexahydrate	2Cl.6H2O.Mg
MgCl2  x 7 H2O	CHEBI:6636	magnesium dichloride	2Cl.Mg
MgCl2  x 76 H2O	CHEBI:6636	magnesium dichloride	2Cl.Mg
MgCl2 x 2 H2O	CHEBI:6636	magnesium dichloride	2Cl.Mg
MgCl2 x 6 H20	KEGG:C07755		
MgCl2 x 6 H2O	CHEBI:6636	magnesium dichloride	2Cl.Mg
MgCL2 x 6 H2O	CHEBI:6636	magnesium dichloride	2Cl.Mg
MgCl2 x 6 H2O (200 g/l stock solution)	CHEBI:86345	magnesium dichloride hexahydrate	2Cl.6H2O.Mg
MgCl2 x 6H2O	CHEBI:6636	magnesium dichloride	2Cl.Mg
MgCl2 X 6H2O	CHEBI:6636	magnesium dichloride	2Cl.Mg
MgCl2 x 7 H2O	CHEBI:6636	magnesium dichloride	2Cl.Mg
MgCl2.6H2O	CHEBI:86345	magnesium dichloride hexahydrate	2Cl.6H2O.Mg
MgCl2x 6 H2O	CHEBI:6636	magnesium dichloride	2Cl.Mg
MgCl2x 6H2O	CHEBI:86345	magnesium dichloride hexahydrate	2Cl.6H2O.Mg
MgCl2x6H2O	CHEBI:86345	magnesium dichloride hexahydrate	2Cl.6H2O.Mg
MgCl2 x 6H2O	CHEBI:6636	magnesium dichloride	2Cl.Mg
MgCl2·6H2O	CHEBI:86345	magnesium dichloride hexahydrate	2Cl.6H2O.Mg
MgSO 4 x 7 H2O	CHEBI:32599	magnesium sulfate	Mg.O4S
MgSO x 7 H2O	CHEBI:31795	magnesium sulfate heptahydrate	7H2O.Mg.O4S
MgSO2 x 7 H2O	CHEBI:31795	magnesium sulfate heptahydrate	7H2O.Mg.O4S
MgSO4	CHEBI:32599	magnesium sulfate	Mg.O4S
MgSO4  x 7 H2O	CHEBI:32599	magnesium sulfate	Mg.O4S
MgSO4 x 6 H2O	CHEBI:32599	magnesium sulfate	Mg.O4S
MgSO4 x 6H2O	CHEBI:32599	magnesium sulfate	Mg.O4S
MgSO4 x 7 H20	CHEBI:31795	magnesium sulfate heptahydrate	7H2O.Mg.O4S
MgSo4 x 7 H2O	CHEBI:31795	magnesium sulfate heptahydrate	7H2O.Mg.O4S
MgSO4 x 7 H2O	CHEBI:32599	magnesium sulfate	Mg.O4S
MgSO4 x 7 H2O (0.1% w/v)	CHEBI:32599	magnesium sulfate	Mg.O4S
MgSO4 x 7 H2O (100 mM)	CHEBI:32599	magnesium sulfate	Mg.O4S
MgSO4 x 7 H2O solution (25%)	CHEBI:32599	magnesium sulfate	Mg.O4S
MgSO4 x 7 H2O to 15.0 g).	CHEBI:32599	magnesium sulfate	Mg.O4S
MgSO4 x 7H2O	CHEBI:32599	magnesium sulfate	Mg.O4S
MgSO4 x7 H2O	CHEBI:32599	magnesium sulfate	Mg.O4S
MgSO4.7H2O	CHEBI:32599	magnesium sulfate	Mg.O4S
MgSO47H2O	CHEBI:31795	magnesium sulfate heptahydrate	7H2O.Mg.O4S
MgSO4x7H2O	CHEBI:32599	magnesium sulfate	Mg.O4S
MgSO4 x 7H2O	CHEBI:32599	magnesium sulfate	Mg.O4S
MgSO4·7H2O	CHEBI:31795	magnesium sulfate heptahydrate	7H2O.Mg.O4S
MgSO4·H2O	CHEBI:31795	magnesium sulfate heptahydrate	7H2O.Mg.O4S
Mineral solution (see Medium No.976	ingredient:1958		
Mineral solution (see Medium No.976)	ingredient:1958		
Mix	CHEBI:133626	mesoporphyrin IX	C34H38N4O4
Mm Bicarbonate	CHEBI:17544	hydrogencarbonate	CHO3
MnCl	CHEBI:7773015		
MnCl 2 x 4 H2O	CAS-RN:20603-88-7		
MnCl2	CHEBI:7773015		
MnCl2 solution see below	ingredient:1863		
MnCl2 x 2 H2O	CAS-RN:20603-88-7		
MnCl2 x 4 H2O	CAS-RN:20603-88-7		
MnCl2 x 4 H2O (0.1% w/v)	CAS-RN:20603-88-7		
MnCl2 x 4 H2O (0.36 g/l)	CAS-RN:20603-88-7		
MnCl2 x 4H2O	CAS-RN:20603-88-7		
MnCl2·4H2O	CAS-RN:20603-88-7		
MnCl2·6H2O	ingredient:2003		
MnCl4·4H2O	ingredient:1828		
MnSO4	CHEBI:86360	manganese(II) sulfate	Mn.O4S
MnSO4 x 1 H2O	CHEBI:135251	glycyclamide	C14H20N2O3S
MnSO4 x 2 H2O	CHEBI:135251	glycyclamide	C14H20N2O3S
MnSO4 x 2 H2O (0.1% w/v)	CHEBI:135251	glycyclamide	C14H20N2O3S
MnSO4 x 2 H2O (1% solution)	CHEBI:135251	glycyclamide	C14H20N2O3S
MnSO4 x 4 H2O	CHEBI:135251	glycyclamide	C14H20N2O3S
MnSO4 x 5 H2O	CHEBI:135251	glycyclamide	C14H20N2O3S
MnSO4 x 6 H2O	CHEBI:135251	glycyclamide	C14H20N2O3S
MnSO4 x 7 H2O	CHEBI:135251	glycyclamide	C14H20N2O3S
MnSO4 x 7H2O	CHEBI:135251	glycyclamide	C14H20N2O3S
MnSO4 x H2O	ingredient:1000		
MnSO4 x X H2O	ingredient:1000		
MnSO4.4H2O	CHEBI:135251	glycyclamide	C14H20N2O3S
MnSO4·5H2O	CHEBI:131524	manganese(II) sulfate pentahydrate	5H2O.Mn.O4S
Monopotassium Phosphate	CHEBI:63036	potassium dihydrogen phosphate	H2O4P.K
Monosodium glutamate	CHEBI:64220	monosodium glutamate	C5H8NO4.Na
MoO3	CHEBI:30627	molybdenum trioxide	MoO3
MOPS	CHEBI:39074	MOPS	
MOPS (3-(N-morpholino) propane-sulfonic acid)	CHEBI:44115	3-(N-morpholino)propanesulfonic acid	C7H15NO4S
MOPS buffer	CHEBI:44115	3-(N-morpholino)propanesulfonic acid	C7H15NO4S
Mueller-Hinton broth	ingredient:748		
myo-Inositol	CHEBI:17268	myo-inositol	C6H12O6
N-Acetyl Glucosamine	CHEBI:28009	N-acetyl-beta-D-glucosamine	C8H15NO6
N-Acetyl-D-glucosamine	CHEBI:8006	Peptidoglycan(N-acetyl-D-glucosamine)	C34H60N8O18
N-Acetyl-D-glucosamine (Sigma)	CHEBI:28009	N-acetyl-beta-D-glucosamine	C8H15NO6
N-Acetylglucosamine	CHEBI:59640	N-acetylglucosamine	
n-Butyric acid	CHEBI:30772	butyric acid	C4H8O2
n-Decane	CHEBI:41808	decane	C10H22
n-Valeric acid	CHEBI:17418	valeric acid	C5H10O2
Na gluconate	CHEBI:24265	gluconate	C6H11O7
Na NO3	CHEBI:63005	sodium nitrate	NO3.Na
Na Succinate	CHEBI:26806	succinate	
Na-(DL)-lactate	CHEBI:75228	sodium lactate	C3H5O3.Na
Na-(L)-lactate	CHEBI:232798	sodium L-lactate	C3H5O3.Na
Na-3-hydroxybutyrate	CHEBI:37054	3-hydroxybutyrate	C4H7O3
Na-ampicillin	CHEBI:28971	ampicillin	C16H19N3O4S
Na-ascorbate	CHEBI:38290	L-ascorbate	C6H7O6
Na-aspartate	PubChem:21806		
Na-butyrate	CHEBI:17968	butyrate	C4H7O2
Na-caproate	CHEBI:17120	hexanoate	C6H11O2
Na-Caseinate	CAS-RN:9005-46-3		
Na-caseinate	CAS-RN:9005-46-3		
Na-crotonate	CHEBI:35899	crotonate	C4H5O2
Na-DL-lactate	CHEBI:75228	sodium lactate	C3H5O3.Na
Na-EDTA	CHEBI:64734	EDTA disodium salt (anhydrous)	C10H14N2O8.2Na
Na-gluconate	CHEBI:18391	D-gluconate	C6H11O7
Na-glutamate	CHEBI:29988	L-glutamate(2-)	C5H7NO4
Na-glycerol phosphate	CAS-RN:1334-74-3		
Na-glycerophosphate	CAS-RN:1334-74-3		
Na-L-lactate	CHEBI:232798	sodium L-lactate	C3H5O3.Na
Na-lactate	CHEBI:232798	sodium L-lactate	C3H5O3.Na
Na-meta silicate	CAS-RN:6834-92-0		
Na-meta-silicate	CAS-RN:6834-92-0		
Na-propionate	CHEBI:17272	propionate	C3H5O2
Na-succinate	CHEBI:26806	succinate	
Na-tartrate	CHEBI:30924	L-tartrate(2-)	C4H4O6
Na-thioglycolate	CHEBI:30066	thioglycolate(1-)	C2H3O2S
Na-Thioglycolate	CHEBI:30066	thioglycolate(1-)	C2H3O2S
Na2 EDTA	CHEBI:64734	EDTA disodium salt (anhydrous)	C10H14N2O8.2Na
NA2 EDTA	CHEBI:64734	EDTA disodium salt (anhydrous)	C10H14N2O8.2Na
Na2 α-ketoglutarate	CHEBI:16810	2-oxoglutarate(2-)	C5H4O5
Na2-9,10-anthraquinone-2,6-disulfonate (TCI A0308)	CAS-RN:853-68-9		
Na2-EDTA	CHEBI:64734	EDTA disodium salt (anhydrous)	C10H14N2O8.2Na
Na2-tartrate x 2 H2O	CAS-RN:6106-24-7		
Na2-ß-glycerolphosphate	CAS-RN:1334-74-3		
Na2-ß-glycerophosphate	CHEBI:17270	glycerol 2-phosphate	C3H9O6P
Na2B4O7	CHEBI:38892	disodium tetraborate	H4B4O9.2Na
Na2B4O7 x 10 H2O	CAS-RN:1303-96-4		
Na2B4O7 x 10H2O	CAS-RN:1303-96-4		
Na2B4O7·10H2O	CAS-RN:1303-96-4		
Na2citrate x 2 H2O	CHEBI:32142	sodium citrate dihydrate	C6H5O7.2H2O.3Na
Na2CO3	CHEBI:29377	sodium carbonate	CO3.2Na
Na2EDTA	CHEBI:64734	EDTA disodium salt (anhydrous)	C10H14N2O8.2Na
Na2EDTA.2H2O	CHEBI:64758	EDTA disodium salt dihydrate	C10H14N2O8.2H2O.2Na
Na2EDTA·2H2O	CHEBI:64758	EDTA disodium salt dihydrate	C10H14N2O8.2H2O.2Na
Na2H2PO4	CHEBI:34683	disodium hydrogenphosphate	HO4P.2Na
Na2HAsO4 x 7 H2O	CHEBI:91257	disodium hydrogenarsenate heptahydrate	7H2O.HAsO4.2Na
Na2HPO4	CHEBI:34683	disodium hydrogenphosphate	HO4P.2Na
Na2HPO4 x 12 H2O	CHEBI:34683	disodium hydrogenphosphate	HO4P.2Na
Na2HPO4 x 2 H2O	CHEBI:34683	disodium hydrogenphosphate	HO4P.2Na
Na2HPO4 x 2H2O	CHEBI:34683	disodium hydrogenphosphate	HO4P.2Na
Na2HPO4 x2 H2O	CHEBI:34683	disodium hydrogenphosphate	HO4P.2Na
Na2HPO4·2H2O	CHEBI:34683	disodium hydrogenphosphate	HO4P.2Na
Na2HPO4·6H2O	CHEBI:34683	disodium hydrogenphosphate	HO4P.2Na
Na2MoO4	CHEBI:75215	sodium molybdate (anhydrous)	MoO4.2Na
Na2MoO4 x 2 H2O	CHEBI:75213	sodium molybdate dihydrate	2H2O.MoO4.2Na
Na2MoO4 x 2 H2O (0.1% w/v)	CHEBI:75213	sodium molybdate dihydrate	2H2O.MoO4.2Na
Na2MoO4 x 2H2O	CHEBI:75213	sodium molybdate dihydrate	2H2O.MoO4.2Na
Na2MoO4 x 7 H2O	CHEBI:86473	sodium molybdate heptahydrate	7H2O.MoO4.2Na
Na2MoO4 x H2O	CHEBI:75213	sodium molybdate dihydrate	2H2O.MoO4.2Na
Na2MoO4*2 H2O	CHEBI:75213	sodium molybdate dihydrate	2H2O.MoO4.2Na
Na2MoO4*2H2O	CHEBI:75213	sodium molybdate dihydrate	2H2O.MoO4.2Na
Na2MoO4-2H2O	CHEBI:75213	sodium molybdate dihydrate	2H2O.MoO4.2Na
Na2MoO4.2H2O	CHEBI:75213	sodium molybdate dihydrate	2H2O.MoO4.2Na
Na2MoO4·2H2O	CHEBI:75213	sodium molybdate dihydrate	2H2O.MoO4.2Na
Na2MoSO4 x 2 H2O	CHEBI:75213	sodium molybdate dihydrate	2H2O.MoO4.2Na
Na2O4W x 2 H2O	ingredient:736		
Na2S	CHEBI:76208	sodium sulfide (anhydrous)	2Na.S
Na2S x 9 H2O	CHEBI:76209	sodium sulfide nonahydrate	9H2O.2Na.S
Na2S x 9 H2O (3% w/v)	CHEBI:76209	sodium sulfide nonahydrate	9H2O.2Na.S
Na2S x 9 H2O(24% w/v)	CHEBI:76209	sodium sulfide nonahydrate	9H2O.2Na.S
Na2S2O3	CHEBI:32150	sodium thiosulfate pentahydrate	5H2O.2Na.O3S2
Na2S2O3 x 5 H20	CHEBI:32150	sodium thiosulfate pentahydrate	5H2O.2Na.O3S2
Na2S2O3 x 5 H2O	CHEBI:32150	sodium thiosulfate pentahydrate	5H2O.2Na.O3S2
Na2S2O3 x 5 H2O (10% solution)	CHEBI:32150	sodium thiosulfate pentahydrate	5H2O.2Na.O3S2
Na2S2O3 x 5 H2O(24 % w/v)	CHEBI:32150	sodium thiosulfate pentahydrate	5H2O.2Na.O3S2
Na2S2O3 x 5H2O	CHEBI:32150	sodium thiosulfate pentahydrate	5H2O.2Na.O3S2
Na2S2O3x5H2O	CHEBI:32150	sodium thiosulfate pentahydrate	5H2O.2Na.O3S2
Na2S2O3·5H2O	CHEBI:32150	sodium thiosulfate pentahydrate	5H2O.2Na.O3S2
Na2S2O4·2H2O	ingredient:1946		
Na2S2O5	CHEBI:114786	sodium disulfite	2Na.O5S2
Na2Se3 x 5 H2O	ingredient:870		
Na2SeO3	CHEBI:48843	disodium selenite	2Na.O3Se
Na2SeO3 5 H2O	ingredient:870		
Na2SeO3 x 5 H2O	CHEBI:48843	disodium selenite	2Na.O3Se
Na2SeO3 x 5 H2O (0.01% w/v)	CHEBI:48843	disodium selenite	2Na.O3Se
Na2SeO3·5H2O	CHEBI:48843	disodium selenite	2Na.O3Se
Na2SeO4	CHEBI:32149	sodium sulfate	2Na.O4S
Na2SeO4 x 10 H2O	CAS-RN:10102-23-5		
Na2SiO3	CHEBI:1344098		
Na2SiO3 x 9 H20	CHEBI:132108	sodium silicate nonahydrate	9H2O.2Na.O3Si
Na2SiO3 x 9 H2O	CHEBI:132108	sodium silicate nonahydrate	9H2O.2Na.O3Si
Na2SiO3.9H2O	CHEBI:132108	sodium silicate nonahydrate	9H2O.2Na.O3Si
Na2SiO3·9H2O	CHEBI:132108	sodium silicate nonahydrate	9H2O.2Na.O3Si
Na2SO3	CHEBI:86477	sodium sulfite	2Na.O3S
Na2SO3 x 5 H20	CAS-RN:10213-79-3		
Na2SO4	CHEBI:32149	sodium sulfate	2Na.O4S
Na2SO4 x 10 H2O	CHEBI:32149	sodium sulfate	2Na.O4S
Na2S·9H2O	CHEBI:76209	sodium sulfide nonahydrate	9H2O.2Na.S
Na2WO4	CHEBI:63940	sodium tungstate	2Na.O4W
Na2WO4 x 2 H20	ingredient:736		
Na2WO4 x 2 H2O	CHEBI:63940	sodium tungstate	2Na.O4W
Na2WO4 x 2 H2O (0.1% w/v)	CHEBI:63939	sodium tungstate dihydrate	2H2O.2Na.O4W
Na2WO4 x 2H2O	CHEBI:63940	sodium tungstate	2Na.O4W
Na2WO4*2H2O	CHEBI:63939	sodium tungstate dihydrate	2H2O.2Na.O4W
Na2WO4·2H2O	CHEBI:63939	sodium tungstate dihydrate	2H2O.2Na.O4W
Na3-citrate x 2 H2O	CHEBI:32142	sodium citrate dihydrate	C6H5O7.2H2O.3Na
Na3-Citrate x 2 H2O	CHEBI:32142	sodium citrate dihydrate	C6H5O7.2H2O.3Na
Na3-citrate x 2 H2O (0.6 g/l stock solution)	CHEBI:32142	sodium citrate dihydrate	C6H5O7.2H2O.3Na
Na3-citrate x 5 H2O	CAS-RN:6858-44-2		
Na3-EDTA	CHEBI:64734	EDTA disodium salt (anhydrous)	C10H14N2O8.2Na
Na3Citrate x 2 H2O	CHEBI:32142	sodium citrate dihydrate	C6H5O7.2H2O.3Na
Na3VO4	CHEBI:35607	trisodium vanadate	3Na.O4V
Na3‐citrate x 2H2O	CHEBI:32142	sodium citrate dihydrate	C6H5O7.2H2O.3Na
Na3‐citrate x 2H2O	CHEBI:32142	sodium citrate dihydrate	C6H5O7.2H2O.3Na
NaBr	CHEBI:63004	sodium bromide	Br.Na
NaCL	CHEBI:26710	sodium chloride	Cl.Na
NaCl	CHEBI:26710	sodium chloride	Cl.Na
Nacl	CHEBI:26710	sodium chloride	Cl.Na
NaClO3	CHEBI:65242	sodium chlorate	ClO3.Na
NaCO3	CHEBI:29377	sodium carbonate	CO3.2Na
NaEDTA	CHEBI:64734	EDTA disodium salt (anhydrous)	C10H14N2O8.2Na
NaF	CHEBI:28741	sodium fluoride	F.Na
NaH2PO4	CHEBI:37585	sodium dihydrogenphosphate	H2O4P.Na
NaH2PO4 x 2 H2O	CHEBI:37585	sodium dihydrogenphosphate	H2O4P.Na
NaH2PO4 x 2H2O	CHEBI:37585	sodium dihydrogenphosphate	H2O4P.Na
NaH2PO4.2H2O	CHEBI:4496	calcium hydrogenphosphate dihydrate	Ca.2H2O.HO4P
NaH2PO4·2H2O	CHEBI:37585	sodium dihydrogenphosphate	H2O4P.Na
NaHCO3	CHEBI:32139	sodium hydrogencarbonate	CHO3.Na
NaHSeO3	CAS-RN:7782-82-3		
NaMoO4 x 2 H2O	CHEBI:75213	sodium molybdate dihydrate	2H2O.MoO4.2Na
NaNH4HPO4 x 4 H2O	CAS-RN:7783-13-3		
NaNO2	CHEBI:78870	sodium nitrite	NO2.Na
NaNO3	CHEBI:63005	sodium nitrate	NO3.Na
NaOH	CHEBI:32145	sodium hydroxide	HO.Na
NaS2O3	CHEBI:132112	sodium thiosulfate	2Na.O3S2
NaS2O3 x 5 H2O	CHEBI:32150	sodium thiosulfate pentahydrate	5H2O.2Na.O3S2
NaSO4	CHEBI:32149	sodium sulfate	2Na.O4S
Natetrathionate	CAS-RN:13721-29-4		
Natural seawater	ingredient:2152		
NaVO3	CHEBI:75221	sodium metavanadate	Na.O3V
NaWO4·2H2O	CHEBI:63939	sodium tungstate dihydrate	2H2O.2Na.O4W
NCL/0.01% NPA	medium:C66		
NH4Cl	CHEBI:31206	ammonium chloride	Cl.H4N
NH4CL	CHEBI:31206	ammonium chloride	Cl.H4N
NH4Cl2	CHEBI:31206	ammonium chloride	Cl.H4N
NH4H2PO4	CHEBI:62982	ammonium dihydrogen phosphate	H2O4P.H4N
NH4HCO3	CHEBI:184335	Ammonium bicarbonate	CHO3.H4N
NH4NO3	CHEBI:63038	ammonium nitrate	H4N.NO3
Niacin	CHEBI:15940	nicotinic acid	C6H5NO2
NiCl 2 x 6 H2O	CHEBI:34887	nickel dichloride	Cl2Ni
NiCl2	CHEBI:34887	nickel dichloride	Cl2Ni
NiCl2 x 2 H2O	CHEBI:34887	nickel dichloride	Cl2Ni
NiCl2 x 2H2O	CHEBI:34887	nickel dichloride	Cl2Ni
NiCl2 x 6 H20	PubChem:129831233		
NiCl2 x 6 H2O	CHEBI:34887	nickel dichloride	Cl2Ni
NiCl2 x 6 H2O (0.1% w/v)	CHEBI:34887	nickel dichloride	Cl2Ni
NiCl2·6H2O	CHEBI:34887	nickel dichloride	Cl2Ni
Nicotinamide	CHEBI:17154	nicotinamide	C6H6N2O
Nicotinate	CHEBI:10716816		
Nicotine amide	PubChem:936		
Nicotinic acid	CHEBI:15940	nicotinic acid	C6H5NO2
Nicotinic Acid	CHEBI:15940	nicotinic acid	C6H5NO2
Nicotinic acid (PP)	CHEBI:15940	nicotinic acid	C6H5NO2
Nicotinic Acid	CHEBI:15940	nicotinic acid	C6H5NO2
Nitrilotriacetate	CHEBI:44557	nitrilotriacetic acid	C6H9NO6
Nitrilotriacetate (NTA)	CHEBI:25548	nitrilotriacetate(3-)	C6H6NO6
Nitrilotriacetic Acid	CHEBI:44557	nitrilotriacetic acid	C6H9NO6
Nitrilotriacetic acid	CHEBI:44557	nitrilotriacetic acid	C6H9NO6
Nitrilotriacetic acid (NTA)	CHEBI:44557	nitrilotriacetic acid	C6H9NO6
Nitrilotriacetic acid trisodium salt monohydrate	PubChem:29194		
Nitrilotriacetic acid, trisodium salt	CHEBI:132766	sodium nitrilotriacetate	C6H6NO6.3Na
Nutrient Broth	medium:J663		
Nutrient broth	medium:J663		
Nutrients	CHEBI:33284	nutrient	
Oat flakes	CAS-RN:84012-26-0		
Olive oil	CAS-RN:8001-25-0		
P-Aminobenzoic acid	CHEBI:30753	4-aminobenzoic acid	C7H7NO2
p-Aminobenzoic acid	CHEBI:30753	4-aminobenzoic acid	C7H7NO2
PABA	CHEBI:30753	4-aminobenzoic acid	C7H7NO2
Pantothenic acid	CHEBI:7916	pantothenic acid	C9H17NO5
Pennassay Broth	ingredient:559		
Peptone	CAS-RN:73049-73-7		
peptone	CAS-RN:73049-73-7		
Peptone (Oxoid)	ingredient:2398		
Peptone mixture	ingredient:156		
Phenyl acetic acid	CHEBI:30745	phenylacetic acid	C8H8O2
Phenyl propionic acid	CHEBI:501520		
Phosphate buffer stock solution	ingredient:1900		
Phosphates solution	ingredient:2026		
Phytone peptone	ingredient:125		
PIPES	CHEBI:39033	PIPES	
PJ/NN	medium:C77		
Poly hexamethylene carbonate (PHC)*	CAS-RN:61630-98-6		
Polypeptone	ingredient:442		
Potassium acetate	CHEBI:32029	potassium acetate	C2H3O2.K
Potassium Aspartate	CAS-RN:7259-25-8		
potassium chloride	CHEBI:32588	potassium chloride	Cl.K
Potassium Glutamate	CAS-RN:19473-49-5		
potassium phosphate monobasic	CHEBI:63036	potassium dihydrogen phosphate	H2O4P.K
Potato	CAS-RN:93348-51-7		
PPLO Broth	ingredient:pplo_broth		
PPLO broth	ingredient:pplo_broth		
PPLO-Broth	ingredient:pplo_broth		
Propionic acid	CHEBI:30768	propionic acid	C3H6O2
Pullulan	CHEBI:27941	pullulan	(C37H62O30)n
Putrescine	CHEBI:326268	1,4-butanediammonium	C4H14N2
Pyridoxal phosphate	CHEBI:18405	pyridoxal 5'-phosphate	C8H10NO6P
Pyridoxal·HCl	CHEBI:131529	pyridoxal hydrochloride	C8H9NO3.HCl
Pyridoxamine	CHEBI:16410	pyridoxamine	C8H12N2O2
Pyridoxamine Dihydrochloride	CHEBI:131532	pyridoxamine dihydrochloride	C8H12N2O2.2HCl
Pyridoxamine dihydrochloride	CHEBI:131532	pyridoxamine dihydrochloride	C8H12N2O2.2HCl
Pyridoxamine-HCl	CHEBI:131531	pyridoxamine hydrochloride	C8H12N2O2.HCl
Pyridoxamine·2HCl	CHEBI:131532	pyridoxamine dihydrochloride	C8H12N2O2.2HCl
Pyridoxamine·HCl	CHEBI:131531	pyridoxamine hydrochloride	C8H12N2O2.HCl
Pyridoxine	CHEBI:16709	pyridoxine	C8H11NO3
Pyridoxine HCl	CHEBI:131531	pyridoxamine hydrochloride	C8H12N2O2.HCl
Pyridoxine hydrochloride	CHEBI:30961	pyridoxine hydrochloride	C8H11NO3.HCl
Pyridoxine-HCl	CHEBI:131531	pyridoxamine hydrochloride	C8H12N2O2.HCl
Pyridoxine·HCl	CHEBI:131531	pyridoxamine hydrochloride	C8H12N2O2.HCl
Pyrocatechol	CHEBI:18135	catechol	C6H6O2
Pyruvate	CHEBI:15361	pyruvate	C3H3O3
QF	CHEBI:141430	Gln-Phe	C14H19N3O4
Quinic acid	CHEBI:26493	quinic acid	
R2A Broth	medium:J839		
Raffinose	CHEBI:16634	raffinose	C18H32O16
Resazurin	CHEBI:8806	Resazurin	C12H7NO4
Riboflavin	CHEBI:17015	riboflavin	C17H20N4O6
Riboflavin solution (see Medium No.462)*	ingredient:1893		
Riboflavine (B2)	CHEBI:17015	riboflavin	C17H20N4O6
Rice starch	ingredient:2354		
RPL/0.01% RPA	medium:C85		
Rye-bran	ingredient:1880		
S77 + vitamins	medium:C102		
S88 + Vitamins	medium:C103		
Sake	ingredient:1604		
Salt Solution I	ingredient:1143		
Sea Salt	ingredient:423		
Selenite tungstate solution (see Medium No.431)	ingredient:1921		
Selenite-tungstate solution	ingredient:88		
Selenite-Tungstate solution	ingredient:88		
Selenite-tungstate solution (see Medium No.431)	ingredient:1921		
Selenite-tungstate solution (see Medium No.554)	ingredient:1921		
Selenite-tungstate solution (see Medium No.862)	ingredient:1921		
Selenite-tungstate solution(see Medium No.554)	ingredient:1921		
Selenite-tungstate solution* (see Medium No.431)	ingredient:1921		
Selenite-Tungstate solution* (see Medium No.431)	ingredient:1921		
Selenite-Tungstate Solution:	ingredient:88		
Sheep blood	ingredient:2047		
Sigma Sea salts	ingredient:925		
SiO2	CHEBI:30563	silicon dioxide	O2Si
Skim milk	CAS-RN:999999-99-4		
Skim Milk	CAS-RN:999999-99-4		
SL-6 trace element solution (see Medium No.167)	ingredient:1886		
SL10	ingredient:1387		
Small dried sardine	ingredient:1986		
SnCl2·2H2O	CHEBI:78074	tin(II) chloride dihydrate	2Cl.2H2O.Sn
Sodium Acetate	CHEBI:32954	sodium acetate	C2H3O2.Na
Sodium acetate	CHEBI:32954	sodium acetate	C2H3O2.Na
sodium acetate	CHEBI:32954	sodium acetate	C2H3O2.Na
Sodium acetate trihydrate	CHEBI:32138	sodium acetate trihydrate	C2H3O2.3H2O.Na
Sodium acetate·3H2O	CHEBI:32138	sodium acetate trihydrate	C2H3O2.3H2O.Na
Sodium ascorbate	CHEBI:113451	sodium ascorbate	C6H7O6.Na
Sodium benzoate	CHEBI:113455	sodium benzoate	C7H5O2.Na
sodium bicarbonate	CHEBI:32139	sodium hydrogencarbonate	CHO3.Na
Sodium butyrate	CHEBI:64103	sodium butyrate	C4H7O2.Na
Sodium caproate	CHEBI:114126	sodium hexanoate	C6H11O2.Na
Sodium carbonate	CHEBI:29377	sodium carbonate	CO3.2Na
Sodium Citrate	CHEBI:32142	sodium citrate dihydrate	C6H5O7.2H2O.3Na
Sodium citrate	CHEBI:32142	sodium citrate dihydrate	C6H5O7.2H2O.3Na
Sodium dithionite	CHEBI:66870	sodium dithionite	2Na.O4S2
Sodium DL-lactate	CHEBI:232798	sodium L-lactate	C3H5O3.Na
Sodium DL-malate	CHEBI:91261	disodium (S)-malate	C4H4O5.2Na
Sodium formate	CHEBI:62965	sodium formate	CHO2.Na
Sodium fumarate	CHEBI:115156	disodium fumarate	C4H2O4.2Na
Sodium gluconate	CHEBI:84997	sodium gluconate	C6H11O7.Na
Sodium glutamate	CHEBI:64220	monosodium glutamate	C5H8NO4.Na
Sodium glutamate·H2O	CHEBI:64220	monosodium glutamate	C5H8NO4.Na
Sodium glycerophosphate	PubChem:14754		
Sodium L-lactate	CHEBI:232798	sodium L-lactate	C3H5O3.Na
Sodium L-malate	CHEBI:91261	disodium (S)-malate	C4H4O5.2Na
Sodium lactate	CHEBI:75228	sodium lactate	C3H5O3.Na
sodium malate	CHEBI:91261	disodium (S)-malate	C4H4O5.2Na
Sodium malate	CHEBI:91261	disodium (S)-malate	C4H4O5.2Na
Sodium Malate And	CHEBI:91261	disodium (S)-malate	C4H4O5.2Na
Sodium maleate	CHEBI:91263	disodium maleate	C4H2O4.2Na
Sodium nitrate	CHEBI:63005	sodium nitrate	NO3.Na
Sodium octanoate	CHEBI:132100	sodium octanoate	C8H15O2.Na
Sodium palmitate	CHEBI:234557	sodium palmitate	C16H31O2.Na
sodium phosphate dibasic	CHEBI:37583	trisodium phosphate	3Na.O4P
Sodium polygalacturonate	CAS-RN:9049-37-0		
Sodium pyrophosphate	CHEBI:71240	sodium diphosphate	4Na.O7P2
Sodium Pyruvate	CHEBI:50144	sodium pyruvate	C3H3O3.Na
Sodium pyruvate	CHEBI:50144	sodium pyruvate	C3H3O3.Na
Sodium silicate	CHEBI:60720	sodium silicate	2Na.O3Si
Sodium succinate	CHEBI:63675	sodium succinate (anhydrous)	C4H4O4.2Na
Sodium tartrate	CHEBI:63017	sodium L-tartrate	C4H4O6.2Na
Sodium thioglycolate	CHEBI:86481	sodium thioglycolate	C2H3O2S.Na
Sodium β-glycerophosphate	PubChem:14754		
Sodiumcitrate	CHEBI:32142	sodium citrate dihydrate	C6H5O7.2H2O.3Na
Soja peptone	CAS-RN:91079-46-8		
Solution :	ingredient:485		
Solution A	ingredient:485		
SOLUTION A	ingredient:485		
Solution A:	ingredient:485		
Sorbitol	CHEBI:30911	glucitol	C6H14O6
Soy peptone	CAS-RN:91079-46-8		
soy peptone	CAS-RN:91079-46-8		
Soya peptone	CAS-RN:91079-46-8		
Soytone	CHEBI:8150		
SrCl	CHEBI:36383	strontium dichloride	2Cl.Sr
SrCl 2	CHEBI:36383	strontium dichloride	2Cl.Sr
SrCl2	CHEBI:36383	strontium dichloride	2Cl.Sr
SrCl2 x 6 H2O	CHEBI:36385	strontium dichloride hexahydrate	Cl2Sr.6H2O
SrCl2 x 6 H2O (0.1% w/v)	CHEBI:36385	strontium dichloride hexahydrate	Cl2Sr.6H2O
SrCl2.6H2O	CHEBI:36385	strontium dichloride hexahydrate	Cl2Sr.6H2O
SrCl2·6H2O	CHEBI:36385	strontium dichloride hexahydrate	Cl2Sr.6H2O
SrSO4	CAS-RN:7759-02-6		
Starch	CHEBI:85248	gellan gum	
Stearic acid	CHEBI:28842	octadecanoic acid	C18H36O2
Succinate	CHEBI:26806	succinate	
Succinic acid	CHEBI:15741	succinic acid	C4H6O4
Sucrose	CHEBI:17992	sucrose	C12H22O11
Sulfur	CHEBI:26833	sulfur atom	S
Sulfur (powder)	CHEBI:14258		
TAPSO	CAS-RN:90549-86-3		
TES	CHEBI:39035	TES	
Tetrachloroethene	CHEBI:17300	tetrachloroethene	C2Cl4
Tetramethyl ammonium	CHEBI:46020	tetramethylammonium	C4H12N
Thiamin HCl	CHEBI:49105	thiamine hydrochloride	C12H17N4OS.Cl.HCl
Thiamin-HCl	CHEBI:49105	thiamine hydrochloride	C12H17N4OS.Cl.HCl
Thiamine	CHEBI:26948	vitamin B1	
Thiamine (B1)	CHEBI:18385	thiamine(1+)	C12H17N4OS
Thiamine Dihydrochloride	CHEBI:49105	thiamine hydrochloride	C12H17N4OS.Cl.HCl
Thiamine HCl	CHEBI:49105	thiamine hydrochloride	C12H17N4OS.Cl.HCl
Thiamine pyrophosphate	CHEBI:9532	thiamine(1+) diphosphate	C12H19N4O7P2S
Thiamine solution (see Medium No.403)	ingredient:1856		
Thiamine solution (see Medium No.403)*	ingredient:1856		
Thiamine solution* (see Medium No.403)	ingredient:1856		
Thiamine-HCl	CHEBI:49105	thiamine hydrochloride	C12H17N4OS.Cl.HCl
Thiamine HCl	CHEBI:49105	thiamine hydrochloride	C12H17N4OS.Cl.HCl
Thiamine·HCl	CHEBI:49105	thiamine hydrochloride	C12H17N4OS.Cl.HCl
Thioctic acid	CHEBI:30314	(R)-lipoic acid	C8H14O2S2
Thioglycolate	CHEBI:47869	thioglycolate(2-)	C2H2O2S
Toluene	CHEBI:17578	toluene	C7H8
Trace element solution (see Medium No. 1079])	ingredient:1886		
Trace element solution (see Medium No.1079)	ingredient:1886		
Trace element solution (see Medium No.128)	ingredient:1886		
Trace element solution (see Medium No.167)	ingredient:1886		
Trace element solution (see Medium No.187	ingredient:1886		
Trace element solution (see Medium No.187)	ingredient:1886		
Trace element solution (see Medium No.231)	ingredient:1886		
Trace element solution (see Medium No.243)	ingredient:1886		
Trace element solution (see Medium No.284)	ingredient:1886		
Trace element solution (see Medium No.294)	ingredient:1886		
Trace element solution (see Medium No.301)	ingredient:1886		
Trace element solution (see Medium No.439)	ingredient:1886		
Trace element solution (see Medium No.483)	ingredient:1886		
Trace element solution (see Medium No.741)	ingredient:1886		
Trace element solution (see Medium No.748)	ingredient:1886		
Trace element solution (see Medium No.899)	ingredient:1886		
Trace element solution SL12	ingredient:1812		
Trace element solution SL7 (see Medium No.516)	ingredient:1886		
Trace element solution SL8 (see Medium No.190)	ingredient:1886		
Trace element solution(see Medium No.187)	ingredient:1886		
Trace elements solution (see Medium No.1030)	ingredient:1886		
Trace elements solution (see Medium No.1182)	ingredient:1886		
Trace elements solution (see Medium No.310)	ingredient:1886		
Trace mineral solution (see Medium No.197)	ingredient:1958		
Trace minerals (see Medium No.151	ingredient:1883		
Trace minerals (see Medium No.151)	ingredient:1883		
Trace minerals (see Medium No.197	ingredient:1833		
Trace minerals (see Medium No.243)	ingredient:1833		
Trace minerals (see Medium No.324)	ingredient:1833		
Trace minerals solution (see Medium No.228)	ingredient:1982		
Trace minerals(see Medium No.151)	ingredient:1883		
Trace vitamin (see Medium No.197)	ingredient:1784		
Trace vitamins (see Medium No.197)	ingredient:1784		
Trace vitamins (See Medium No.197)	ingredient:1784		
Trace vitamins (see Medium No.197)*	ingredient:1784		
Trace vitamins solution (see Medium No.284)	ingredient:1982		
Trace vitamins solution (see Medium No.284)*	ingredient:1982		
Trace vitamins solution (see Medium No.682)	ingredient:1982		
Trace vitamins(see Medium No.197)	ingredient:1784		
Trace vitamins* (see Medium No. 197)	ingredient:1784		
Trace vitamins* (see Medium No.197)	ingredient:1784		
trans-Cinnamic acid	CHEBI:35697	trans-cinnamic acid	C9H8O2
Tri-sodium citrate	CHEBI:53258	sodium citrate	C6H5O7.3Na
Triethanolamine	CHEBI:28621	triethanolamine	C6H15NO3
Trimethylamine-HCl	CHEBI:64700	trimethylamine hydrochloride	C3H9N.HCl
Trimethylamine·HCl	CHEBI:64700	trimethylamine hydrochloride	C3H9N.HCl
TRIS	CHEBI:9754	tris	C4H11NO3
Tris (hydroxymethyl aminomethane)	CHEBI:9754	tris	C4H11NO3
Tris [tris(hydroxymethyl)aminomethane]	CHEBI:9754	tris	C4H11NO3
Tris base	CHEBI:9754	tris	C4H11NO3
Tris buffer 1M	CHEBI:9754	tris	C4H11NO3
Tris HCl	CHEBI:1185531		
Tris(hydroxymethyl)aminomethane	CHEBI:9754	tris	C4H11NO3
Tris(hydroxymethyl)methylamine	CHEBI:44356	N-tris(hydroxymethyl)methyl-2-aminoethanesulfonic acid	C6H15NO6S
Tris-HCl	CHEBI:1185531		
Tris-HCl buffer	CAS-RN:1185-53-1		
Trisodium Citrate	CHEBI:53258	sodium citrate	C6H5O7.3Na
Trisodium citrate	CHEBI:53258	sodium citrate	C6H5O7.3Na
Trisodium citrate dehydrate	CHEBI:32142	sodium citrate dihydrate	C6H5O7.2H2O.3Na
Trisodium Citrate Dihydrate	CHEBI:32142	sodium citrate dihydrate	C6H5O7.2H2O.3Na
Trisodium citrate x 2 H2O	CHEBI:53258	sodium citrate	C6H5O7.3Na
Trisodium citrate·2H2O	CHEBI:53258	sodium citrate	C6H5O7.3Na
Trisodium citrate·3H2O	CHEBI:53258	sodium citrate	C6H5O7.3Na
Trisodium citrate·H2O	PubChem:71474		
Tris [tris(hydroxymethyl)aminomethane]	CHEBI:9754	tris	C4H11NO3
Tris·HCl	CHEBI:1185531		
Tropic Marine salt	ingredient:1530		
Tryptic digest of beef heart	ingredient:662		
Tryptic Digest of beef heart	ingredient:662		
Trypticase	CHEBI:78018	dodecylphosphocholine	C17H38NO4P
Trypticase soy broth	ingredient:99		
Trypticase Soy Broth	ingredient:99		
Tryptone	CAS-RN:84843-69-6		
tryptone	CAS-RN:84843-69-6		
Tween 20	CHEBI:9784		
Tween 60	CHEBI:53425	polysorbate 60	(C2H4O)w.(C2H4O)x.(C2H4O)y.(C2H4O)z.C24H46O6
Tween 80	CHEBI:53426	polysorbate 80	(C2H4O)w.(C2H4O)x.(C2H4O)y.(C2H4O)z.C24H44O6
Uracil	CHEBI:17568	uracil	C4H4N2O2
Urea	CHEBI:16199	urea	CH4N2O
Valeric acid	CHEBI:17418	valeric acid	C5H10O2
Vitamin 3	CHEBI:176839	vitamin B3	
Vitamin B12	CHEBI:176843	vitamin B12	
Vitamin B12 solution* (see Medium No.403)	ingredient:1845		
Vitamin B12solution (Medium No.403)	ingredient:1845		
Vitamin B12solution (see Medium No.403)	ingredient:1845		
Vitamin B12solution (see Medium No.403)*	ingredient:1845		
Vitamin B12solution* (see Medium No.403)	ingredient:1845		
Vitamin solution (see Medium No.197)	ingredient:1855		
Vitamin solution (see Medium No.221)	ingredient:1855		
Vitamin solution (see Medium No.304)	ingredient:1855		
Vitamin solution (see Medium No.403)	ingredient:1855		
Vitamin solution (see Medium No.403)*	ingredient:1855		
Vitamin solution (see Medium No.602)	ingredient:1855		
Vitamin solution (see Medium No.979)	ingredient:1855		
Vitamin solution* (see Medium No.1157)	ingredient:1855		
Vitamin solution* (see Medium No.197)	ingredient:1855		
Vitamin solution* (see Medium No.403)	ingredient:1855		
Vitamin solution* (see Medium No.556)	ingredient:1855		
Vitamin solution* (see Medium No.915)	ingredient:1855		
Vitamin solution* (see Medium No.923)	ingredient:1855		
Vitamin solution* (see Medium No.944)	ingredient:1855		
Vitamin-free casamino acids	CAS-RN:91079-40-2		
VitaminB12	CHEBI:176843	vitamin B12	
Vitamin B12  (4)	CHEBI:176843	vitamin B12	
Vitamin B12  (8)	CHEBI:176843	vitamin B12	
Vitamin B12  (9)	CHEBI:176843	vitamin B12	
VOSO4 x 2 H2O	CHEBI:87014	vanadyl sulfate hexahydrate	6H2O.O4S.OV
VoSO4 x 2 H2O	CHEBI:87014	vanadyl sulfate hexahydrate	6H2O.O4S.OV
VOSO4 x 5 H2O	CHEBI:87014	vanadyl sulfate hexahydrate	6H2O.O4S.OV
VOSO4 x 5 H2O (0.01% w/v)	CHEBI:132758	vanadyl sulfate pentahydrate	5H2O.O4S.OV
VOSO4·xH2O	CHEBI:87020	vanadyl sulfate hydrate	(H2O)n.O5SV
Waris-H	medium:C106		
Xylan	CHEBI:37166	xylan	
Xylose	CHEBI:18222	xylose	C5H10O5
Yeast	CAS-RN:68876-77-7		
Yeast autolysate	CAS-RN:977046-75-5		
yeast extract	CAS-RN:8013-01-2		
Yeast extract	CAS-RN:8013-01-2		
Yeast Extract	CAS-RN:8013-01-2		
Yeast extrakt	CAS-RN:8013-01-2		
Yeast Nitrogen Base	ingredient:1507		
Yeast extract	CAS-RN:8013-01-2		
Zinc Sulfate	CHEBI:35176	zinc sulfate	O4S.Zn
Zn2SO4·7H2O	CHEBI:32312	zinc sulfate heptahydrate	7H2O.O4S.Zn
ZnCl 2	CHEBI:49976	zinc dichloride	2Cl.Zn
ZnCl2	CHEBI:49976	zinc dichloride	2Cl.Zn
ZnSO4	CHEBI:35176	zinc sulfate	O4S.Zn
ZnSO4 x 6 H2O	CHEBI:62984	zinc acetate	2C2H3O2.Zn
ZnSO4 x 7 H2O	CHEBI:62984	zinc acetate	2C2H3O2.Zn
ZnSO4*7 H2O	CHEBI:32312	zinc sulfate heptahydrate	7H2O.O4S.Zn
ZnSO4*7H2O	CHEBI:32312	zinc sulfate heptahydrate	7H2O.O4S.Zn
ZnSO4-7H2O	CHEBI:32312	zinc sulfate heptahydrate	7H2O.O4S.Zn
ZnSO4.7H2O	CHEBI:62984	zinc acetate	2C2H3O2.Zn
ZnSO4·7H2O	CHEBI:32312	zinc sulfate heptahydrate	7H2O.O4S.Zn
α-D-Glucose	CHEBI:42758	aldehydo-D-glucose	C6H12O6
α-Lipoic acid	CHEBI:43796	(S)-lipoic acid	C8H14O2S2
α-Methylbutyric acid	CHEBI:37070	2-methylbutyric acid	C5H10O2
