compound_name	molecular_weight	pka_values	charge_states	ion_charges	solubility_g_per_L	activity_coefficient	description
(1)  Ca(NO3)2.4H2O	164.09		-1,0,1	Ca2+:2	100.0000	0.80	PubChem CID:24963 - calcium dinitrate
(5)  Sodium metasilicate	92.08		-3		500.0000	1.00	PubChem CID:104812 - silicate
(NH4) citrate	192.12		-1,0,1		707.9458	1.00	PubChem CID:311 - 2-hydroxypropane-1,2,3-tricarboxylic acid
(NH4)2 SO4	132.14		-1,0,1		100.0000	1.00	PubChem CID:6097028 - diazanium;sulfate
(NH4)2 citrate	192.12		-1,0,1		707.9458	1.00	PubChem CID:311 - 2-hydroxypropane-1,2,3-tricarboxylic acid
(NH4)2MoO4	196.03		-1,0,1		100.0000	1.00	PubChem CID:61578 - diazanium;dioxido(dioxo)molybdenum
(NH4)2Ni(SO4)2	395.00		-1,0,1	Ni2+:2	100.0000	0.80	PubChem CID:62669 - azane;hydrogen sulfate;nickel(2+);hexahydrate
(NH4)2Ni(SO4)2 x 6 H2O (0.1% w/v)	732.40		0		100.0000	1.00	PubChem CID:168338376 - dioxidanium;bis(oxidooxycyclohexane);bis(oxygen(2-...
(NH4)2SO4	132.14		-1,0,1		100.0000	1.00	PubChem CID:6097028 - diazanium;sulfate
(NH4)3 citrate	192.12		-1,0,1		707.9458	1.00	PubChem CID:311 - 2-hydroxypropane-1,2,3-tricarboxylic acid
(NH4)6Mo7O24	1163.90		-1,0,1		100.0000	1.00	PubChem CID:129630846 - hexaazanium;1,3,5,7,9,11-hexaoxido-2,4,6,8,10,12,1...
(NH4)6Mo7O24 x 4 H2O	1163.90		-1,0,1		100.0000	1.00	PubChem CID:129630846 - hexaazanium;1,3,5,7,9,11-hexaoxido-2,4,6,8,10,12,1...
(NH4)6Mo7O24·4H2O	441.50		-2,-1,0		0.0126	1.00	PubChem CID:72200978 - 2-[(3-decoxybenzoyl)amino]-5-nitrobenzoate
(NH4)6MoO24·4H2O	127.95		-1,0,1		100.0000	1.00	PubChem CID:29320 - dioxomolybdenum
(NH4)H2PO4	115.03		-1,0,1		100.0000	1.00	PubChem CID:24402 - azanium dihydrogen phosphate
(NH4)HCO3	61.02		-2,-1,0		56.2341	1.00	PubChem CID:769 - hydrogen carbonate
(NH4)Mo7O24·4H2O	441.50		-2,-1,0		0.0126	1.00	PubChem CID:72200978 - 2-[(3-decoxybenzoyl)amino]-5-nitrobenzoate
.MgSO4 x 7 H2O	120.37		-1,0,1	Mg2+:2	100.0000	0.80	PubChem CID:24083 - magnesium sulfate
0.2% Thiamine pyrophosphate	474.86	2.15,7.20,10.80,12.35	-3,-2,-1,0,1,2,3		1.0000	1.00	PubChem CID:21896573 - phosphate
0.5 M Nitrilotriacetic acid, disodium salt	58.44	4.75	-1,0,1	Na+:1,Cl-:-1	500.0	0.9	PubChem CID:5234 - sodium chloride
1 M Sodium acetate	61.03	4.76	-1,0,1		63.0957	1.00	PubChem CID:102089142 - acetate
1 M Sodium butyrate	22.99		-1,0,1	Na+:1	500.0000	0.90	PubChem CID:5360545 - sodium
1 M Sodium lactate	22.99		-1,0,1	Na+:1	500.0000	0.90	PubChem CID:5360545 - sodium
1 M Sodium pyruvate*	22.99		-1,0,1	Na+:1	500.0000	0.90	PubChem CID:5360545 - sodium
1,4-Naphthoquinone	158.15		-1,0,1		14.1254	1.00	PubChem CID:8530 - naphthalene-1,4-dione
2-Methyl-butyric acid	102.13	4.75	-1,0,1		25.1189	1.00	PubChem CID:8314 - 2-methylbutanoic acid
2-Methylbutyric acid	102.13	4.75	-1,0,1		25.1189	1.00	PubChem CID:8314 - 2-methylbutanoic acid
2-Oxoglutarate	146.10		-1,0,1		281.8383	1.00	PubChem CID:51 - 2-oxopentanedioic acid
2Na-EDTA	292.24		-1,0,1		2000.0000	1.00	PubChem CID:6049 - 2-[2-[bis(carboxymethyl)amino]ethyl-(carboxymethyl...
3-Indolyl acetic acid	175.18	4.75	-1,0,1		19.9526	1.00	PubChem CID:802 - 2-(1H-indol-3-yl)acetic acid
3-Methyl-butyric acid	102.13	4.75	-1,0,1		25.1189	1.00	PubChem CID:10430 - 3-methylbutanoic acid
4-Hydroxyphenyl acetic acid	152.15	4.75	-1,0,1		39.8107	1.00	PubChem CID:127 - 2-(4-hydroxyphenyl)acetic acid
5% defibrinated sheep blood	251.39		-1,0,1		1.1220	1.00	PubChem CID:62020 - S-benzyl N,N-dipropylcarbamothioate
ACES	182.20		-1,0,1		2000.0000	1.00	PubChem CID:81832 - 2-[(2-amino-2-oxoethyl)amino]ethanesulfonic acid
Absolute ethanol	46.07		-1,0,1		112.2018	1.00	PubChem CID:702 - ethanol
Acetic acid	75.07	4.75	-1,0,1		2000.0	1.0	PubChem CID:750 - 2-aminoacetic acid
Activated carbon	12.01		-1,0,1		50.1187	1.00	PubChem CID:5462310 - methane
AlCl3	133.34		-1,0,1	Cl-:-1	100.0000	0.90	PubChem CID:24012 - trichloroalumane
AlCl3 x 6 H2O	133.34		-1,0,1	Cl-:-1	100.0000	0.90	PubChem CID:24012 - trichloroalumane
AlCl3.6H2O	133.34		-1,0,1	Cl-:-1	100.0000	0.90	PubChem CID:24012 - trichloroalumane
AlCl3·6H2O	133.34		-1,0,1	Cl-:-1	100.0000	0.90	PubChem CID:24012 - trichloroalumane
AlK(SO4)2	258.21		-1,0,1	K+:1	100.0000	0.90	PubChem CID:24856 - aluminum;potassium;disulfate
AlK(SO4)2 x 12H2O	258.21		-1,0,1	K+:1	100.0000	0.90	PubChem CID:24856 - aluminum;potassium;disulfate
AlK(SO4)2·12H2O	258.21		-1,0,1	K+:1	100.0000	0.90	PubChem CID:24856 - aluminum;potassium;disulfate
Ammonium Molybdate	1235.90		0		100.0000	1.00	PubChem CID:485454 - hexaazanium;molybdenum;(oxygen(2-));tetrahydrate
Ammonium Sulfate	132.14		-1,0,1		1.0000	1.00	PubChem CID:6097028 - diazanium;sulfate
Ammonium acetate	77.08	4.76	-1,0,1		500.0000	1.00	PubChem CID:517165 - azanium acetate
Ammonium ferric citrate	265.00		2,3	Fe2+:2	100.0000	0.80	PubChem CID:118984355 - azane;2-hydroxypropane-1,2,3-tricarboxylic acid;ir...
Arginine	174.20		-1,0,1		2000.0000	1.00	PubChem CID:6322 - (2S)-2-amino-5-(diaminomethylideneamino)pentanoic ...
Ascorbic acid	176.12	4.75	-1,0,1		630.9573	1.00	PubChem CID:54670067 - (2R)-2-[(1S)-1,2-dihydroxyethyl]-3,4-dihydroxy-2H-...
B12	707.10		-1,0,1		0.0200	1.00	PubChem CID:134816264 - 4-[(1S,3aS,5aR,5bR,7aS,9R,11aS,11bR,13aR,13bR)-3a-...
BaCl2	208.23		-1,0,1	Cl-:-1	100.0000	0.90	PubChem CID:25204 - barium(2+) dichloride
BaCl2·2H2O	208.23		-1,0,1	Cl-:-1	100.0000	0.90	PubChem CID:25204 - barium(2+) dichloride
Bacto Soytone	923.00		-1,0,1		0.3981	1.00	PubChem CID:4407643 - bis(2,5,8,11,18,21,24,27-octaoxatricyclo[26.4.0.01...
Bacto-Tryptone	923.00		-1,0,1		0.3981	1.00	PubChem CID:4407643 - bis(2,5,8,11,18,21,24,27-octaoxatricyclo[26.4.0.01...
Basal salts solution	58.44		-1,0,1	Na+:1,Cl-:-1	200.0	0.9	PubChem CID:5234 - sodium chloride
Betaine	117.15		-1,0,1		56.2341	1.00	PubChem CID:247 - 2-(trimethylazaniumyl)acetate
Betaine Hydrochloride	153.61		-1,0,1	Cl-:-1	500.0000	0.90	PubChem CID:11545 - carboxymethyl(trimethyl)azanium chloride
Biotin	244.31		-1,0,1		70.7946	1.00	PubChem CID:171548 - 5-[(3aS,4S,6aR)-2-oxo-1,3,3a,4,6,6a-hexahydrothien...
Biotine	244.31		-1,0,1		70.7946	1.00	PubChem CID:171548 - 5-[(3aS,4S,6aR)-2-oxo-1,3,3a,4,6,6a-hexahydrothien...
Biotin in	244.31		-1,0,1		70.7946	1.00	PubChem CID:171548 - 5-[(3aS,4S,6aR)-2-oxo-1,3,3a,4,6,6a-hexahydrothien...
Bovine serum albumin	188.02		-1,0,1		2.8184	1.00	PubChem CID:6432 - 1,1,1,2,2,3,3,3-octafluoropropane
Butyric acid	88.11	4.75	-1,0,1		39.8107	1.00	PubChem CID:264 - butanoic acid
CAPS buffer	221.32		-1,0,1	NO3-:-1	501.1872	0.90	PubChem CID:70815 - 3-(cyclohexylamino)propane-1-sulfonic acid
CAPSO	237.32		-1,0,1		1584.8932	1.00	PubChem CID:2733480 - 3-(cyclohexylamino)-2-hydroxypropane-1-sulfonic ac...
Ca pantotenate	799.00		-1,0,1		28.1838	1.00	PubChem CID:5487601 - (4R,4aS,7R,7aR,12bS)-7-[2-[2-[2-[[(4R,4aS,7R,7aR,1...
Ca(NO3)2	164.09		-1,0,1	Ca2+:2	100.0000	0.80	PubChem CID:24963 - calcium dinitrate
Ca(NO3)2 x 4 H2O	164.09		-1,0,1	Ca2+:2	100.0000	0.80	PubChem CID:24963 - calcium dinitrate
Ca(NO3)2 x 4 H2O (0.1% w/v)	164.09		-1,0,1	Ca2+:2	100.0000	0.80	PubChem CID:24963 - calcium dinitrate
Ca(NO3)2x4H2O	164.09		-1,0,1	Ca2+:2	100.0000	0.80	PubChem CID:24963 - calcium dinitrate
Ca(NO3)2·4H2O	164.09		-1,0,1	Ca2+:2	100.0000	0.80	PubChem CID:24963 - calcium dinitrate
Ca-Pantothenate	127.14		-2,-1,0		7.9433	1.00	PubChem CID:5017639 - thiophene-2-carboxylate
Ca-pantothenate	127.14		-2,-1,0		7.9433	1.00	PubChem CID:5017639 - thiophene-2-carboxylate
CaCL2 x 2 H2O	110.98		-1,0,1	Ca2+:2,Cl-:-1	200.0000	0.80	PubChem CID:5284359 - calcium dichloride
CaCO3	100.09		-1,0,1	Ca2+:2	100.0000	0.80	PubChem CID:10112 - calcium carbonate
CaCl 2	110.98		-1,0,1	Ca2+:2,Cl-:-1	200.0000	0.80	PubChem CID:5284359 - calcium dichloride
CaCl 2 X 2 H2O	110.98		-1,0,1	Ca2+:2,Cl-:-1	200.0000	0.80	PubChem CID:5284359 - calcium dichloride
CaCl 2 x 2 H2O	110.98		-1,0,1	Ca2+:2,Cl-:-1	200.0000	0.80	PubChem CID:5284359 - calcium dichloride
CaCl2	110.98		-1,0,1	Ca2+:2,Cl-:-1	200.0000	0.80	PubChem CID:5284359 - calcium dichloride
CaCl2  x 2 H2O	110.98		-1,0,1	Ca2+:2,Cl-:-1	200.0000	0.80	PubChem CID:5284359 - calcium dichloride
CaCl2 x  2 H2O	110.98		-1,0,1	Ca2+:2,Cl-:-1	200.0000	0.80	PubChem CID:5284359 - calcium dichloride
CaCl2 x 2 H2O	110.98		-1,0,1	Ca2+:2,Cl-:-1	200.0000	0.80	PubChem CID:5284359 - calcium dichloride
CaCl2 x 2 H2O (0.1% w/v)	110.98		-1,0,1	Ca2+:2,Cl-:-1	200.0000	0.80	PubChem CID:5284359 - calcium dichloride
CaCl2 x 2 H2O (50 g/l stock solution)	229.30		-1,0,1	NO3-:-1	39.8107	0.90	PubChem CID:3082 - 2-dimethoxyphosphinothioylsulfanyl-N-methylacetami...
CaCl2 x 2 H2O (5M)	110.98		-1,0,1	Ca2+:2,Cl-:-1	200.0000	0.80	PubChem CID:5284359 - calcium dichloride
CaCl2 x 2 H2O solution (7%)	229.30		-1,0,1	NO3-:-1	39.8107	0.90	PubChem CID:3082 - 2-dimethoxyphosphinothioylsulfanyl-N-methylacetami...
CaCl2 x 6 H2O	110.98		-1,0,1	Ca2+:2,Cl-:-1	200.0000	0.80	PubChem CID:5284359 - calcium dichloride
CaCl2 x 7 H2O	110.98		-1,0,1	Ca2+:2,Cl-:-1	200.0000	0.80	PubChem CID:5284359 - calcium dichloride
CaCl2 x2H2O	110.98		-1,0,1	Ca2+:2,Cl-:-1	200.0000	0.80	PubChem CID:5284359 - calcium dichloride
CaCl22H2O	110.98		-1,0,1	Ca2+:2,Cl-:-1	200.0000	0.80	PubChem CID:5284359 - calcium dichloride
CaCl2x 2H2O	110.98		-1,0,1	Ca2+:2,Cl-:-1	200.0000	0.80	PubChem CID:5284359 - calcium dichloride
CaCl2x2H2O	110.98		-1,0,1	Ca2+:2,Cl-:-1	200.0000	0.80	PubChem CID:5284359 - calcium dichloride
CaCl2x6H2O	110.98		-1,0,1	Ca2+:2,Cl-:-1	200.0000	0.80	PubChem CID:5284359 - calcium dichloride
CaCl2·2H2O	110.98		-1,0,1	Ca2+:2,Cl-:-1	200.0000	0.80	PubChem CID:5284359 - calcium dichloride
CaSO4 x 2 H2O	136.14		-1,0,1	Ca2+:2	100.0000	0.80	PubChem CID:24497 - calcium sulfate
CaSO4.2H2O	172.17		-1,0,1	Ca2+:2	100.0000	0.80	PubChem CID:24928 - calcium;sulfate;dihydrate
CaSO4·2H2O	136.14		-1,0,1	Ca2+:2	100.0000	0.80	PubChem CID:24497 - calcium sulfate
Calcium Chloride	110.98		-1,0,1	Ca2+:2,Cl-:-1	500.0000	0.80	PubChem CID:5284359 - calcium dichloride
Calcium D(+)-Pantthenate	40.08		-1,0,1	Ca2+:2	100.0000	0.80	PubChem CID:5460341 - calcium
Calcium chloride dihydrate	147.01		-1,0,1	Ca2+:2,Cl-:-1	500.0000	0.80	PubChem CID:6093260 - calcium;dichloride;dihydrate
Calcium malate	172.15		-1,0,1	Ca2+:2	100.0000	0.80	PubChem CID:167659 - calcium 2-hydroxybutanedioate
Calcium pantothenate	476.50		-1,0,1	Ca2+:2	100.0000	0.80	PubChem CID:443753 - calcium bis(3-[[(2R)-2,4-dihydroxy-3,3-dimethylbut...
Calcium pantothenate	40.08		-1,0,1	Ca2+:2	100.0000	0.80	PubChem CID:5460341 - calcium
Calf serum	1138.70		-1,0,1		0.0010	1.00	PubChem CID:167312532 - [30-[[3-hydroxy-1-[3,4,5-trihydroxy-6-(hydroxymeth...
Caproic acid	116.16	4.75	-1,0,1		11.2202	1.00	PubChem CID:8892 - hexanoic acid
Capronic acid	116.16	4.75	-1,0,1		11.2202	1.00	PubChem CID:8892 - hexanoic acid
Carboxymethyl cellulose	46.02		-1,0,1		125.8925	1.00	PubChem CID:284 - formic acid
Carboxymethyl cellulose, sodium salt	58.44		-1,0,1	Na+:1,Cl-:-1	500.0	0.9	PubChem CID:5234 - sodium chloride
Casamino Acid	223.22	4.75,10.80	-2,-1,0,1,2		70.7946	1.00	PubChem CID:23210 - 2-[2-(dimethylcarbamoyl)phenoxy]acetic acid
Casamino Acids	223.22	4.75,10.80	-2,-1,0,1,2		70.7946	1.00	PubChem CID:23210 - 2-[2-(dimethylcarbamoyl)phenoxy]acetic acid
Casamino acid	223.22	4.75,10.80	-2,-1,0,1,2		70.7946	1.00	PubChem CID:23210 - 2-[2-(dimethylcarbamoyl)phenoxy]acetic acid
Casamino acids	223.22	4.75,10.80	-2,-1,0,1,2		70.7946	1.00	PubChem CID:23210 - 2-[2-(dimethylcarbamoyl)phenoxy]acetic acid
Casamino acids (BD)	223.22	4.75,10.80	-2,-1,0,1,2		70.7946	1.00	PubChem CID:23210 - 2-[2-(dimethylcarbamoyl)phenoxy]acetic acid
Casaminoacids	223.22	4.75,10.80	-2,-1,0,1,2		70.7946	1.00	PubChem CID:23210 - 2-[2-(dimethylcarbamoyl)phenoxy]acetic acid
Casein	142.20		-1,0,1		199.5262	1.00	PubChem CID:598 - 2-sulfanylethanesulfonic acid
Casmino Acid	457.50	4.75	-1,0,1		199.5262	1.00	PubChem CID:54675783 - (4S,4aS,5aR,12aR)-4,7-bis(dimethylamino)-1,10,11,1...
Casmino acids	457.50	4.75	-1,0,1		199.5262	1.00	PubChem CID:54675783 - (4S,4aS,5aR,12aR)-4,7-bis(dimethylamino)-1,10,11,1...
Cellobiose	342.30		-1,0,1		2000.0000	1.00	PubChem CID:439178 - (2R,3S,4S,5R,6S)-2-(hydroxymethyl)-6-[(2R,3S,4R,5R...
Cellobiose or Cellulose MN 300	358.50		-1,0,1		0.0200	1.00	PubChem CID:7308 - 2-tert-butyl-4-(5-tert-butyl-4-hydroxy-2-methylphe...
Chalcopyrite	183.50		-1,0,1	Fe2+:2,Cu2+:2	100.0000	0.80	PubChem CID:19601290 - copper;iron(2+);disulfide
Charcoal-filtered, natural seawater	18.02		-1,0,1		177.8279	1.00	PubChem CID:962 - oxidane
Choline chloride	139.62		-1,0,1	Cl-:-1	500.0000	0.90	PubChem CID:6209 - 2-hydroxyethyl(trimethyl)azanium chloride
Citric acid	192.12	4.75	-1,0,1		707.9458	1.0	PubChem CID:311 - 2-hydroxypropane-1,2,3-tricarboxylic acid
Co Carboxylase	460.77		-1,0,1	Cl-:-1	100.0000	0.90	PubChem CID:9068 - 2-[3-[(4-amino-2-methylpyrimidin-5-yl)methyl]-4-me...
Co(NO3)2	182.94		-1,0,1	Co2+:2	100.0000	0.80	PubChem CID:25000 - cobalt(2+) dinitrate
Co(NO3)2 x 6H2O	182.94		-1,0,1	Co2+:2	100.0000	0.80	PubChem CID:25000 - cobalt(2+) dinitrate
Co(NO3)2.6H2O	291.04		-1,0,1	Co2+:2	100.0000	0.80	PubChem CID:24821 - cobalt(2+);dinitrate;hexahydrate
Co(NO3)2·6H2O	182.94		-1,0,1	Co2+:2	100.0000	0.80	PubChem CID:25000 - cobalt(2+) dinitrate
CoCl 2	129.84		-1,0,1	Cl-:-1	200.0000	0.90	PubChem CID:3032536 - cobalt(2+) dichloride
CoCl2	129.84		-1,0,1	Cl-:-1	200.0000	0.90	PubChem CID:3032536 - cobalt(2+) dichloride
CoCl2 x 2 H2O	129.84		-1,0,1	Cl-:-1	200.0000	0.90	PubChem CID:3032536 - cobalt(2+) dichloride
CoCl2 x 4 H2O	129.84		-1,0,1	Cl-:-1	200.0000	0.90	PubChem CID:3032536 - cobalt(2+) dichloride
CoCl2 x 6 H2O	129.84		-1,0,1	Cl-:-1	200.0000	0.90	PubChem CID:3032536 - cobalt(2+) dichloride
CoCl2.6H2O	129.84		-1,0,1	Cl-:-1	200.0000	0.90	PubChem CID:3032536 - cobalt(2+) dichloride
CoSO4	155.00		-1,0,1	Co2+:2	100.0000	0.80	PubChem CID:24965 - cobalt(2+) sulfate
CoSO4 x 7 H2O	155.00		-1,0,1	Co2+:2	100.0000	0.80	PubChem CID:24965 - cobalt(2+) sulfate
Cobalamin (B12)	923.90		-1,0,1	Br-:-1	2.8184	0.90	PubChem CID:195100 - methyl 2-[[2-[[(2S)-2-[[2-[[2-[[2-[[2-[[2-[(4-brom...
Cobalamine	923.90	10.80	-1,0,1	Br-:-1	2.8184	0.90	PubChem CID:195100 - methyl 2-[[2-[[(2S)-2-[[2-[[2-[[2-[[2-[[2-[(4-brom...
Coenzyme A	767.50		-1,0,1		2000.0000	1.00	PubChem CID:87642 - [[(2R,3S,4R,5R)-5-(6-aminopurin-9-yl)-4-hydroxy-3-...
Coenzyme M	142.20		-1,0,1		199.5262	1.00	PubChem CID:598 - 2-sulfanylethanesulfonic acid
Copper Sulfate	159.61		-1,0,1	Cu2+:2	1.0000	0.80	PubChem CID:24462 - copper sulfate
Corn starch	122.06		-1,0,1	Na+:1	100.0000	0.90	PubChem CID:23266 - disodium;dioxido(oxo)silane
Creatine	131.13		-1,0,1		398.1072	1.00	PubChem CID:586 - 2-[carbamimidoyl(methyl)amino]acetic acid
Crotonic acid	86.09	4.75	-1,0,1		44.6684	1.00	PubChem CID:637090 - (E)-but-2-enoic acid
CuCl	99.00		-1,0,1	Cl-:-1	200.0000	0.90	PubChem CID:62652 - chlorocopper
CuCl 2 x 2 H2O	99.00		-1,0,1	Cl-:-1	200.0000	0.90	PubChem CID:62652 - chlorocopper
CuCl2	134.45		-1,0,1	Cl-:-1	200.0000	0.90	PubChem CID:24014 - dichlorocopper
CuCl2 x 2 H2O	134.45		-1,0,1	Cl-:-1	200.0000	0.90	PubChem CID:24014 - dichlorocopper
CuCl2 x 5 H2O	134.45		-1,0,1	Cl-:-1	200.0000	0.90	PubChem CID:24014 - dichlorocopper
CuCl2*2H2O	134.45		-1,0,1	Cl-:-1	200.0000	0.90	PubChem CID:24014 - dichlorocopper
CuCl2-2H2O	134.45		-1,0,1	Cl-:-1	200.0000	0.90	PubChem CID:24014 - dichlorocopper
CuCl2·2H2O	134.45		-1,0,1	Cl-:-1	200.0000	0.90	PubChem CID:24014 - dichlorocopper
CuSO4	159.61		-1,0,1	Cu2+:2	100.0000	0.80	PubChem CID:24462 - copper sulfate
CuSO4 . 5H2O	249.69		-1,0,1	Cu2+:2	100.0000	0.80	PubChem CID:24463 - copper;sulfate;pentahydrate
CuSO4 x 5 H2O	159.61		-1,0,1	Cu2+:2	100.0000	0.80	PubChem CID:24462 - copper sulfate
CuSO4 x 6 H2O	159.61		-1,0,1	Cu2+:2	100.0000	0.80	PubChem CID:24462 - copper sulfate
CuSO4*5 H2O	159.61		-1,0,1	Cu2+:2	100.0000	0.80	PubChem CID:24462 - copper sulfate
CuSO4.5H2O	249.69		-1,0,1	Cu2+:2	100.0000	0.80	PubChem CID:24463 - copper;sulfate;pentahydrate
CuSO4·5H2O	159.61		-1,0,1	Cu2+:2	100.0000	0.80	PubChem CID:24462 - copper sulfate
Cyanocobalamin	1355.40		-1,0,1	Co2+:2	100.0000	0.80	PubChem CID:166596686
Cyanocobalamin in	26.02		-2,-1,0		89.1251	1.00	PubChem CID:5975 - cyanide
Cyclohexemid	220.05		-1,0,1	Cl-:-1	7.9433	0.90	PubChem CID:74798 - 2-(2,4-dichlorophenoxy)acetamide
Cystein-HCL	121.16		-1,0,1		1778.2794	1.00	PubChem CID:5862 - (2R)-2-amino-3-sulfanylpropanoic acid
Cystein-HCl x 2 H2O (5% (w/v))	121.16		-1,0,1		1778.2794	1.00	PubChem CID:5862 - (2R)-2-amino-3-sulfanylpropanoic acid
Cysteine HCl	175.64		-1,0,1	Cl-:-1,NO3-:-1	100.0000	0.90	PubChem CID:23462 - (2R)-2-amino-3-sulfanylpropanoic acid;hydrate;hydr...
Cysteine-HCL x H2O	121.16		-1,0,1		1778.2794	1.00	PubChem CID:5862 - (2R)-2-amino-3-sulfanylpropanoic acid
Cysteine-HCl	157.62		-1,0,1	Cl-:-1	100.0000	0.90	PubChem CID:60960 - (2R)-2-amino-3-sulfanylpropanoic acid;hydrochlorid...
Cysteine-HCl x H2O	121.16		-1,0,1		1778.2794	1.00	PubChem CID:5862 - (2R)-2-amino-3-sulfanylpropanoic acid
D Calcium Panthothenate	40.08		-1,0,1	Ca2+:2	100.0000	0.80	PubChem CID:5460341 - calcium
D(+)-Biotin	244.31		-1,0,1		70.7946	1.00	PubChem CID:171548 - 5-[(3aS,4S,6aR)-2-oxo-1,3,3a,4,6,6a-hexahydrothien...
D(+)-Glucose	180.16		-1,0,1		1995.2623	1.0	PubChem CID:5793 - (3R,4S,5S,6R)-6-(hydroxymethyl)oxane-2,3,4,5-tetro...
D(+)-Trehalose	342.30		-1,0,1		2000.0000	1.00	PubChem CID:1143 - 2-(hydroxymethyl)-6-[3,4,5-trihydroxy-6-(hydroxyme...
D,L-6,8-thioctic acid	144.21	4.75	-1,0,1		3.1623	1.00	PubChem CID:379 - octanoic acid
D-Biotin	244.31		-1,0,1		70.7946	1.00	PubChem CID:171548 - 5-[(3aS,4S,6aR)-2-oxo-1,3,3a,4,6,6a-hexahydrothien...
D-Calcium pantothenate	476.50		-1,0,1	Ca2+:2	100.0000	0.80	PubChem CID:443753 - calcium bis(3-[[(2R)-2,4-dihydroxy-3,3-dimethylbut...
D-Fructose	180.16		-1,0,1		2000.0000	1.00	PubChem CID:2723872 - (3S,4R,5R)-2-(hydroxymethyl)oxane-2,3,4,5-tetrol
D-Galactose	180.16		-1,0,1		1995.2623	1.00	PubChem CID:6036 - (3R,4S,5R,6R)-6-(hydroxymethyl)oxane-2,3,4,5-tetro...
D-Glucose	180.16		-1,0,1		1995.2623	1.0	PubChem CID:5793 - (3R,4S,5S,6R)-6-(hydroxymethyl)oxane-2,3,4,5-tetro...
D-Mannitol	182.17		-1,0,1		2000.0000	1.00	PubChem CID:6251 - (2R,3R,4R,5R)-hexane-1,2,3,4,5,6-hexol
D-Sorbitol	182.17		-1,0,1		2000.0000	1.00	PubChem CID:5780 - (2R,3R,4R,5S)-hexane-1,2,3,4,5,6-hexol
D-Xylose	150.13		-1,0,1		1778.2794	1.00	PubChem CID:135191 - (3R,4S,5R)-oxane-2,3,4,5-tetrol
D-glucose	180.16		-1,0,1		1995.2623	1.0	PubChem CID:5793 - (3R,4S,5S,6R)-6-(hydroxymethyl)oxane-2,3,4,5-tetro...
DL-2-Methyl butyric acid	88.11	4.75	-1,0,1		39.8107	1.00	PubChem CID:264 - butanoic acid
DL-Calcium pantothenate	476.50		-1,0,1	Ca2+:2	100.0000	0.80	PubChem CID:8714 - calcium bis(3-[(2,4-dihydroxy-3,3-dimethylbutanoyl...
DL-Dithiothreitol	154.30		-1,0,1		158.4893	1.00	PubChem CID:19001 - 1,4-bis(sulfanyl)butane-2,3-diol
DL-Histidine	155.15		-1,0,1		2000.0000	1.00	PubChem CID:773 - 2-amino-3-(1H-imidazol-5-yl)propanoic acid
DL-Malate	132.07		-3,-2,-1		100.0000	1.00	PubChem CID:160434 - 2-hydroxybutanedioate
DL-Malic acid	134.09	4.75	-1,0,1		446.6836	1.00	PubChem CID:525 - 2-hydroxybutanedioic acid
DL-Methionine	149.21		-1,0,1		891.2509	1.00	PubChem CID:876 - 2-amino-4-methylsulfanylbutanoic acid
DL-Mevalonic acid	148.16	4.75	-1,0,1		316.2278	1.00	PubChem CID:449 - 3,5-dihydroxy-3-methylpentanoic acid
DL-Sodium malate	22.99		-1,0,1	Na+:1	500.0000	0.90	PubChem CID:5360545 - sodium
DL-Tryptophan	204.22		-1,0,1		354.8134	1.00	PubChem CID:1148 - 2-amino-3-(1H-indol-3-yl)propanoic acid
DL-malic acid	134.09	4.75	-1,0,1		446.6836	1.00	PubChem CID:525 - 2-hydroxybutanedioic acid
DL-mevalonic acid	148.16	4.75	-1,0,1		316.2278	1.00	PubChem CID:449 - 3,5-dihydroxy-3-methylpentanoic acid
DL-α-Methyl butyric acid	88.11	4.75	-1,0,1		39.8107	1.00	PubChem CID:264 - butanoic acid
Decane	141.27		0,1,2		0.3162	1.00	PubChem CID:136463871 - decane
Defibrinated Blood	251.39		-1,0,1		1.1220	1.00	PubChem CID:62020 - S-benzyl N,N-dipropylcarbamothioate
Defibrinated Sheep Blood	251.39		-1,0,1		1.1220	1.00	PubChem CID:62020 - S-benzyl N,N-dipropylcarbamothioate
Deionized water	18.02		-1,0,1		177.8279	1.00	PubChem CID:962 - oxidane
Dextran	543.50		-1,0,1		22.3872	1.00	PubChem CID:1691 - 7-(4-amino-5-hydroxy-6-methyloxan-2-yl)oxy-6,9,11-...
Dextrin	504.40		-1,0,1		2000.0000	1.00	PubChem CID:62698 - (3R,4S,5S,6R)-2-[(2R,3S,4R,5R)-4,5-dihydroxy-2-(hy...
Dextrose	180.16		-1,0,1		1995.2623	1.0	PubChem CID:5793 - (3R,4S,5S,6R)-6-(hydroxymethyl)oxane-2,3,4,5-tetro...
Diammonium Citrate	226.18		-1,0,1		100.0000	1.00	PubChem CID:18171 - diazanium;3-carboxy-3-hydroxypentanedioate
Diammonium citrate	226.18		-1,0,1		100.0000	1.00	PubChem CID:18171 - diazanium;3-carboxy-3-hydroxypentanedioate
Diammonium hydrogen citrate	226.18		-1,0,1		100.0000	1.00	PubChem CID:18171 - diazanium;3-carboxy-3-hydroxypentanedioate
Dimethyl sulfoxide	78.14		-1,0,1		199.5262	1.00	PubChem CID:679 - methylsulfinylmethane
Dipotassium Phosphate	136.09	2.15,7.20,12.35	-3,-2,-1,0,1,2,3	K+:1	500.0	0.9	PubChem CID:516951 - potassium dihydrogen phosphate
Disodium Phosphate	141.96	2.15,7.20,12.35	-3,-2,-1,0,1,2,3	Na+:1	500.0000	0.90	PubChem CID:24203 - disodium;hydrogen phosphate
Disodium fumarate	160.04		-1,0,1	Na+:1	500.0000	0.90	PubChem CID:6364607 - disodium;(E)-but-2-enedioate
Disodium oxalate	134.00		-1,0,1	Na+:1	500.0000	0.90	PubChem CID:6125 - disodium;oxalate
Disodium succinate	162.05		-1,0,1	Na+:1	500.0000	0.90	PubChem CID:9020 - disodium;butanedioate
Disodium succinate·6H2O	22.99		-1,0,1	Na+:1	500.0000	0.90	PubChem CID:5360545 - sodium
D­glucose	180.16		-1,0,1		1995.2623	1.0	PubChem CID:5793 - (3R,4S,5S,6R)-6-(hydroxymethyl)oxane-2,3,4,5-tetro...
E26 + biotin	244.31		-1,0,1		70.7946	1.00	PubChem CID:171548 - 5-[(3aS,4S,6aR)-2-oxo-1,3,3a,4,6,6a-hexahydrothien...
EDTA	292.24		-1,0,1		2000.0000	1.00	PubChem CID:6049 - 2-[2-[bis(carboxymethyl)amino]ethyl-(carboxymethyl...
EDTA di sodium salt	58.44		-1,0,1	Na+:1,Cl-:-1	500.0	0.9	PubChem CID:5234 - sodium chloride
Ethanol	184.27		-1,0,1		100.0000	1.00	PubChem CID:141288409 - ethanol
Ethylenediamintetraacetic acid (EDTA),	480.40	4.75	-1,0,1		100.0000	1.00	PubChem CID:140553216 - acetic acid
FAD	785.50		-1,0,1		2000.0000	1.00	PubChem CID:643975 - [[(2R,3S,4R,5R)-5-(6-aminopurin-9-yl)-3,4-dihydrox...
Fe (III)citrate	192.12		-1,0,1		707.9458	1.00	PubChem CID:311 - 2-hydroxypropane-1,2,3-tricarboxylic acid
Fe(III) citrate	261.99		-1,0,1	Fe2+:2	100.0000	0.80	PubChem CID:129630347 - 3-(carboxymethyl)-3-hydroxypentanedioic acid;iron
Fe(III)-EDTA	344.06		-2,-1,0	Fe2+:2	100.0000	0.80	PubChem CID:197149 - 2-[2-[bis(carboxylatomethyl)amino]ethyl-(carboxyla...
Fe(III)NH4-EDTA	292.24		-1,0,1		2000.0000	1.00	PubChem CID:6049 - 2-[2-[bis(carboxymethyl)amino]ethyl-(carboxymethyl...
Fe(III)·EDTA	292.24		-1,0,1		2000.0000	1.00	PubChem CID:6049 - 2-[2-[bis(carboxymethyl)amino]ethyl-(carboxymethyl...
Fe(NH3)citrate	192.12		-1,0,1		707.9458	1.00	PubChem CID:311 - 2-hydroxypropane-1,2,3-tricarboxylic acid
Fe(NH4)(SO4)2 x 12 H2O	530.40		-1,0,1	Br-:-1	0.0562	0.90	PubChem CID:9604685 - 3-[(2Z)-3-benzyl-2-[(E)-(4-methylphenyl)methyliden...
Fe(NH4)2(SO4)2 x 6 H2O	732.40		0		100.0000	1.00	PubChem CID:168338376 - dioxidanium;bis(oxidooxycyclohexane);bis(oxygen(2-...
Fe(NH4)2(SO4)2 x 6 H2O (0.01% w/v)	732.40		0		100.0000	1.00	PubChem CID:168338376 - dioxidanium;bis(oxidooxycyclohexane);bis(oxygen(2-...
Fe(NH4)2(SO4)2 x 6 H2O (0.1% w/v)	732.40		0		100.0000	1.00	PubChem CID:168338376 - dioxidanium;bis(oxidooxycyclohexane);bis(oxygen(2-...
Fe(NH4)2(SO4)2 x 6 H2O (2% v/v)	732.40		0		100.0000	1.00	PubChem CID:168338376 - dioxidanium;bis(oxidooxycyclohexane);bis(oxygen(2-...
FeCl2	126.75		-1,0,1	Cl-:-1	200.0000	0.90	PubChem CID:24458 - dichloroiron
FeCl2 x 4 H2O	126.75		-1,0,1	Cl-:-1	200.0000	0.90	PubChem CID:24458 - dichloroiron
FeCl2 x 4 H2O (0.1% w/v in 0.2 N HCl)	126.75		-1,0,1	Cl-:-1	200.0000	0.90	PubChem CID:24458 - dichloroiron
FeCl2 x 4 H2O (0.2% w/v in 0.02 N HCl)	126.75		-1,0,1	Cl-:-1	200.0000	0.90	PubChem CID:24458 - dichloroiron
FeCl2 x 6 H2O	126.75		-1,0,1	Cl-:-1	200.0000	0.90	PubChem CID:24458 - dichloroiron
FeCl2·4H2O	126.75		-1,0,1	Cl-:-1	200.0000	0.90	PubChem CID:24458 - dichloroiron
FeCl3	162.20		-1,0,1	Cl-:-1	200.0000	0.90	PubChem CID:24380 - trichloroiron
FeCl3 x 6 H2O	162.20		-1,0,1	Cl-:-1	200.0000	0.90	PubChem CID:24380 - trichloroiron
"FeCl3 x 6 H2O
NaEDTA"	292.24		-1,0,1		2000.0000	1.00	PubChem CID:6049 - 2-[2-[bis(carboxymethyl)amino]ethyl-(carboxymethyl...
FeCl3 x 6 H2O (0.1% w/v in 0.2 N HCl)	162.20		-1,0,1	Cl-:-1	200.0000	0.90	PubChem CID:24380 - trichloroiron
FeCl3 x 6 H2O (0.5%)	162.20		-1,0,1	Cl-:-1	200.0000	0.90	PubChem CID:24380 - trichloroiron
FeCl3 x 6 H2O (w/v=1%)	162.20		-1,0,1	Cl-:-1	200.0000	0.90	PubChem CID:24380 - trichloroiron
FeCl3 x 6 H2O solution (2%)	229.30		-1,0,1	NO3-:-1	39.8107	0.90	PubChem CID:3082 - 2-dimethoxyphosphinothioylsulfanyl-N-methylacetami...
FeCl3*6 H2O	162.20		-1,0,1	Cl-:-1	200.0000	0.90	PubChem CID:24380 - trichloroiron
FeCl3.6H2O	270.29		-1,0,1	Cl-:-1	200.0000	0.90	PubChem CID:16211236 - trichloroiron;hexahydrate
FeCl3·6H2O	162.20		-1,0,1	Cl-:-1	200.0000	0.90	PubChem CID:24380 - trichloroiron
FePO4	150.82		-1,0,1	Fe2+:2	100.0000	0.80	PubChem CID:24861 - iron(3+) phosphate
FeSO4	151.91		-1,0,1	Fe2+:2	100.0000	0.80	PubChem CID:24393 - iron(2+) sulfate
FeSO4 x 6H2O	151.91		-1,0,1	Fe2+:2	100.0000	0.80	PubChem CID:24393 - iron(2+) sulfate
FeSO4 x 7H2O	151.91		-1,0,1	Fe2+:2	100.0000	0.80	PubChem CID:24393 - iron(2+) sulfate
FeSO4 x7 H2O	151.91		-1,0,1	Fe2+:2	100.0000	0.80	PubChem CID:24393 - iron(2+) sulfate
FeSO4 x7H2O	151.91		-1,0,1	Fe2+:2	100.0000	0.80	PubChem CID:24393 - iron(2+) sulfate
FeSO4.7H2O	278.02		-1,0,1	Fe2+:2	100.0000	0.80	PubChem CID:62662 - iron(2+);sulfate;heptahydrate
Ferric Ammonium Citrate	265.00		2,3	Fe2+:2	100.0000	0.80	PubChem CID:118984355 - azane;2-hydroxypropane-1,2,3-tricarboxylic acid;ir...
Ferric ammonium citrate	265.00		2,3	Fe2+:2	100.0000	0.80	PubChem CID:118984355 - azane;2-hydroxypropane-1,2,3-tricarboxylic acid;ir...
Ferric citrate	244.94		-1,0,1	Fe2+:2	100.0000	0.80	PubChem CID:61300 - 2-hydroxypropane-1,2,3-tricarboxylate;iron(3+)
Ferric citrate monohydrate	262.96		-1,0,1	Fe2+:2	100.0000	0.80	PubChem CID:22178220 - 2-hydroxypropane-1,2,3-tricarboxylate;iron(3+);hyd...
Ferric iron citrate	167.53		-1,0,1	Fe2+:2	100.0000	0.80	PubChem CID:140632509 - iron
Ferrihydrite	258.16		-1,0,1		100.0000	1.00	PubChem CID:92024769 - dialuminum;trioxido(trioxidosilyloxy)silane;dihydr...
Fetal Bovine Serum	636.90		-1,0,1		100.0000	1.00	PubChem CID:66443 - (8R,9S,13S,14S,17R)-17-ethynyl-13-methyl-7,8,9,11,...
Fetal bovine serum	636.90		-1,0,1		100.0000	1.00	PubChem CID:66443 - (8R,9S,13S,14S,17R)-17-ethynyl-13-methyl-7,8,9,11,...
Folic Acid	441.40	4.75	-1,0,1		354.8134	1.00	PubChem CID:135398658 - (2S)-2-[[4-[(2-amino-4-oxo-3H-pteridin-6-yl)methyl...
Folic acid	441.40	4.75	-1,0,1		354.8134	1.00	PubChem CID:135398658 - (2S)-2-[[4-[(2-amino-4-oxo-3H-pteridin-6-yl)methyl...
Folic Acid	441.40	4.75	-1,0,1		354.8134	1.00	PubChem CID:135398658 - (2S)-2-[[4-[(2-amino-4-oxo-3H-pteridin-6-yl)methyl...
Fructose	180.16		-1,0,1		2000.0000	1.00	PubChem CID:2723872 - (3S,4R,5R)-2-(hydroxymethyl)oxane-2,3,4,5-tetrol
Fumaric acid	116.07	4.75	-1,0,1		141.2538	1.00	PubChem CID:444972 - (E)-but-2-enedioic acid
G Glycerol	92.09		-1,0,1		794.3282	1.00	PubChem CID:753 - propane-1,2,3-triol
G Starch	122.06		-1,0,1	Na+:1	100.0000	0.90	PubChem CID:23266 - disodium;dioxido(oxo)silane
Galactose	180.16		-1,0,1		1995.2623	1.00	PubChem CID:6036 - (3R,4S,5R,6R)-6-(hydroxymethyl)oxane-2,3,4,5-tetro...
Gelatin	75.07		-1,0,1		2000.0000	1.00	PubChem CID:750 - 2-aminoacetic acid
Glacial acetic acid	60.05	4.75	-1,0,1		125.8925	1.00	PubChem CID:176 - acetic acid
Glutamic acid	147.13	4.75	-1,0,1		2000.0000	1.00	PubChem CID:33032 - (2S)-2-aminopentanedioic acid
Glutathione	307.33		-1,0,1		2000.0000	1.00	PubChem CID:124886 - (2S)-2-amino-5-[[(2R)-1-(carboxymethylamino)-1-oxo...
Glycerol	92.09		-1,0,1		794.3282	1.00	PubChem CID:753 - propane-1,2,3-triol
"Glycerol
ml"	92.09		-1,0,1		794.3282	1.00	PubChem CID:753 - propane-1,2,3-triol
Glycerol monostearate	358.60		-1,0,1		0.0200	1.00	PubChem CID:24699 - 2,3-dihydroxypropyl octadecanoate
Glycylglycine	75.07		-1,0,1		2000.0	1.0	PubChem CID:750 - 2-aminoacetic acid
H2O	18.02		-1,0,1		177.8279	1.00	PubChem CID:962 - oxidane
H2SO4	98.08		-1,0,1		501.1872	1.00	PubChem CID:1118 - sulfuric acid
H2SeO3	80.99		-1,0,1		100.0000	1.00	PubChem CID:533 - selane
H2WO4	249.85		-1,0,1		100.0000	1.00	PubChem CID:1152 - dihydroxy(dioxo)tungsten
H3BO3	61.84		-1,0,1		100.0000	1.00	PubChem CID:7628 - boric acid
HCl	36.46		-1,0,1	Cl-:-1	39.8107	0.90	PubChem CID:313 - chlorane
HCl.	288.40		-1,0,1		1.9953	1.00	PubChem CID:2474 - 1-butyl-N-(2,6-dimethylphenyl)piperidine-2-carboxa...
HEPES	238.31	7.55	-1,0,1		2000.0000	1.00	PubChem CID:23831 - 2-[4-(2-hydroxyethyl)piperazin-1-yl]ethanesulfonic...
Hemicalcium D-(+)- pantothenate	40.08		-1,0,1	Ca2+:2	100.0000	0.80	PubChem CID:5460341 - calcium
Hemin	616.50		-1,0,1	Fe2+:2	100.0000	0.80	PubChem CID:26945 - 3-[18-(2-carboxyethyl)-8,13-bis(ethenyl)-3,7,12,17...
Hemin chloride	651.90		-1,0,1	Cl-:-1	500.0000	0.90	PubChem CID:455658 - 3-[18-(2-carboxyethyl)-8,13-bis(ethenyl)-3,7,12,17...
Heptadecane	239.50		-2,-1,0		0.0040	1.00	PubChem CID:156905849 - heptadecane
Hexadecane	225.43		-2,-1,0		0.0071	1.00	PubChem CID:156905858 - hexadecane
Hipolypepton	435.39		1,2,3		100.0000	1.00	PubChem CID:171377 - ethane-1,2-diamine;1,10-phenanthroline;platinum(2+...
Histidine	155.15		-1,0,1		2000.0000	1.00	PubChem CID:6274 - (2S)-2-amino-3-(1H-imidazol-5-yl)propanoic acid
Indigocarmine	466.40		-1,0,1	Na+:1	100.0000	0.90	PubChem CID:2723854 - disodium;2-(3-hydroxy-5-sulfonato-1H-indol-2-yl)-3...
Inositol	180.16		-1,0,1		2000.0000	1.00	PubChem CID:892 - cyclohexane-1,2,3,4,5,6-hexol
Iron(III) citrate	244.94		-1,0,1	Fe2+:2	100.0000	0.80	PubChem CID:61300 - 2-hydroxypropane-1,2,3-tricarboxylate;iron(3+)
Isobutyric acid	88.11	4.75	-1,0,1		39.8107	1.00	PubChem CID:6590 - 2-methylpropanoic acid
Isovaleric acid	102.13	4.75	-1,0,1		25.1189	1.00	PubChem CID:10430 - 3-methylbutanoic acid
K 2HPO4	174.18		-1,0,1	K+:1	100.0000	0.90	PubChem CID:24450 - dipotassium;hydrogen phosphate
K-acetate	61.03	4.76	-1,0,1		63.0957	1.00	PubChem CID:102089142 - acetate
K2CO3	138.21		-1,0,1	K+:1	100.0000	0.90	PubChem CID:11430 - dipotassium;carbonate
K2CrO4	194.19		-1,0,1	K+:1	100.0000	0.90	PubChem CID:24597 - dipotassium;dioxido(dioxo)chromium
K2HPO4	174.18		-1,0,1	K+:1	100.0000	0.90	PubChem CID:24450 - dipotassium;hydrogen phosphate
K2HPO4 x 3 H2O	174.18		-1,0,1	K+:1	100.0000	0.90	PubChem CID:24450 - dipotassium;hydrogen phosphate
K2S4O6	302.50		-1,0,1	K+:1	100.0000	0.90	PubChem CID:61701
K2SO4	174.26		-1,0,1	K+:1	100.0000	0.90	PubChem CID:24507 - dipotassium;sulfate
K2SO4·7H2O	174.26		-1,0,1	K+:1	100.0000	0.90	PubChem CID:24507 - dipotassium;sulfate
KAl(SO4)2 x 12 H2O	530.40		-1,0,1	Br-:-1	0.0562	0.90	PubChem CID:9604685 - 3-[(2Z)-3-benzyl-2-[(E)-(4-methylphenyl)methyliden...
KBr	119.00		-1,0,1	K+:1	200.0000	0.90	PubChem CID:253877 - potassium bromide
KCL	74.55		-1,0,1	K+:1,Cl-:-1	200.0000	0.90	PubChem CID:4873 - potassium chloride
KCl	74.55		-1,0,1	K+:1,Cl-:-1	200.0000	0.90	PubChem CID:4873 - potassium chloride
KH2PO4 x 7 H2O	136.09		-1,0,1	K+:1	100.0	0.9	PubChem CID:516951 - potassium dihydrogen phosphate
KHCO3	100.11		-1,0,1	K+:1	100.0000	0.90	PubChem CID:516893 - potassium hydrogen carbonate
KNO3	101.10		-1,0,1	K+:1,NO3-:-1	200.0000	0.90	PubChem CID:24434 - potassium nitrate
KOH	56.11		-1,0,1	K+:1	100.0000	0.90	PubChem CID:14797 - potassium hydroxide
KSCN	97.18		-1,0,1	K+:1	100.0000	0.90	PubChem CID:516872 - potassium thiocyanate
L(+)-Tartaric acid	150.09	4.75	-1,0,1		891.2509	1.00	PubChem CID:444305 - (2R,3R)-2,3-dihydroxybutanedioic acid
L-Alanine	89.09		-1,0,1		2000.0000	1.00	PubChem CID:5950 - (2S)-2-aminopropanoic acid
L-Arginine	174.20		-1,0,1		2000.0000	1.00	PubChem CID:6322 - (2S)-2-amino-5-(diaminomethylideneamino)pentanoic ...
L-Arginine x HCI	174.20		-1,0,1		2000.0000	1.00	PubChem CID:232 - 2-amino-5-(diaminomethylideneamino)pentanoic acid
L-Arginine x HCl	174.20		-1,0,1		2000.0000	1.00	PubChem CID:232 - 2-amino-5-(diaminomethylideneamino)pentanoic acid
L-Ascorbic acid	176.12	4.75	-1,0,1		630.9573	1.00	PubChem CID:54670067 - (2R)-2-[(1S)-1,2-dihydroxyethyl]-3,4-dihydroxy-2H-...
L-Asparagin	132.12		-1,0,1		2000.0000	1.00	PubChem CID:6267 - (2S)-2,4-diamino-4-oxobutanoic acid
L-Asparagine	132.12		-1,0,1		2000.0000	1.00	PubChem CID:6267 - (2S)-2,4-diamino-4-oxobutanoic acid
L-Aspartic acid	133.10	4.75	-1,0,1		2000.0000	1.00	PubChem CID:5960 - (2S)-2-aminobutanedioic acid
L-Cystein HCl	121.16		-1,0,1		1778.2794	1.00	PubChem CID:5862 - (2R)-2-amino-3-sulfanylpropanoic acid
L-Cystein Hcl	121.16		-1,0,1		1778.2794	1.00	PubChem CID:5862 - (2R)-2-amino-3-sulfanylpropanoic acid
L-Cysteine	121.16		-1,0,1		1778.2794	1.00	PubChem CID:5862 - (2R)-2-amino-3-sulfanylpropanoic acid
L-Cysteine x HCl	121.16		-1,0,1		1778.2794	1.00	PubChem CID:5862 - (2R)-2-amino-3-sulfanylpropanoic acid
L-Cysteine-HCl	121.16		-1,0,1		1778.2794	1.00	PubChem CID:5862 - (2R)-2-amino-3-sulfanylpropanoic acid
L-Cysteine-HCl x H2O	121.16		-1,0,1		1778.2794	1.00	PubChem CID:5862 - (2R)-2-amino-3-sulfanylpropanoic acid
L-Cysteine·HCl·H2O solution*	229.30		-1,0,1	NO3-:-1	39.8107	0.90	PubChem CID:3082 - 2-dimethoxyphosphinothioylsulfanyl-N-methylacetami...
L-Cysteiniumchloride	106.35		-3,-2	Cl-:-1	500.0000	0.90	PubChem CID:22283632 - chloride
L-Cystein·HCl·H2O	121.16		-1,0,1		1778.2794	1.00	PubChem CID:5862 - (2R)-2-amino-3-sulfanylpropanoic acid
L-Cystine	240.30		-1,0,1		2000.0000	1.00	PubChem CID:67678 - (2R)-2-amino-3-[[(2R)-2-amino-2-carboxyethyl]disul...
L-Fucose	164.16		-1,0,1		1122.0185	1.00	PubChem CID:17106 - (3S,4R,5S,6S)-6-methyloxane-2,3,4,5-tetrol
L-Glutamic Acid	147.13	4.75	-1,0,1		2000.0000	1.00	PubChem CID:33032 - (2S)-2-aminopentanedioic acid
L-Glutamic acid	147.13	4.75	-1,0,1		2000.0000	1.00	PubChem CID:33032 - (2S)-2-aminopentanedioic acid
L-Glutamine	146.14	10.80	-1,0,1		2000.0000	1.00	PubChem CID:5961 - (2S)-2,5-diamino-5-oxopentanoic acid
L-Glutathione (reduced)	307.33		-1,0,1		2000.0000	1.00	PubChem CID:745 - 2-amino-5-[[1-(carboxymethylamino)-1-oxo-3-sulfany...
L-Histidine	155.15		-1,0,1		2000.0000	1.00	PubChem CID:6274 - (2S)-2-amino-3-(1H-imidazol-5-yl)propanoic acid
L-Isoleucine	131.17		-1,0,1		707.9458	1.00	PubChem CID:6306 - (2S,3S)-2-amino-3-methylpentanoic acid
L-Leucine	131.17		-1,0,1		562.3413	1.00	PubChem CID:6106 - (2S)-2-amino-4-methylpentanoic acid
L-Lysine	146.19		-1,0,1		2000.0000	1.00	PubChem CID:5962 - (2S)-2,6-diaminohexanoic acid
L-Lysine HCl	182.65		-1,0,1	Cl-:-1	100.0000	0.90	PubChem CID:69568 - (2S)-2,6-diaminohexanoic acid;hydrochloride
L-Methionine	149.21		-1,0,1		891.2509	1.00	PubChem CID:6137 - (2S)-2-amino-4-methylsulfanylbutanoic acid
L-Ornithine HCl	168.62		-1,0,1	Cl-:-1	100.0000	0.90	PubChem CID:76654 - (2S)-2,5-diaminopentanoic acid;hydrochloride
L-Phenylalanine	165.19		-1,0,1		562.3413	1.00	PubChem CID:6140 - (2S)-2-amino-3-phenylpropanoic acid
L-Proline	115.13		-1,0,1		1778.2794	1.00	PubChem CID:145742 - (2S)-pyrrolidine-2-carboxylic acid
L-Serine	105.09		-1,0,1	NO3-:-1	2000.0000	0.90	PubChem CID:5951 - (2S)-2-amino-3-hydroxypropanoic acid
L-Sodium lactate	112.06		-1,0,1	Na+:1	500.0000	0.90	PubChem CID:23664767 - sodium (2S)-2-hydroxypropanoate
L-Threonine	119.12		-1,0,1	NO3-:-1	2000.0000	0.90	PubChem CID:6288 - (2S,3R)-2-amino-3-hydroxybutanoic acid
L-Tryptophan	204.22		-1,0,1		354.8134	1.00	PubChem CID:6305 - (2S)-2-amino-3-(1H-indol-3-yl)propanoic acid
L-Tyrosine	181.19		-1,0,1	NO3-:-1	1412.5375	0.90	PubChem CID:6057 - (2S)-2-amino-3-(4-hydroxyphenyl)propanoic acid
L-Valine	117.15		-1,0,1		1412.5375	1.00	PubChem CID:6287 - (2S)-2-amino-3-methylbutanoic acid
L-cysteine HCl	157.62		-1,0,1	Cl-:-1	100.0000	0.90	PubChem CID:60960 - (2R)-2-amino-3-sulfanylpropanoic acid;hydrochlorid...
L-cysteine-HCl x H2O	121.16		-1,0,1		1778.2794	1.00	PubChem CID:5862 - (2R)-2-amino-3-sulfanylpropanoic acid
Lactose	342.30		-1,0,1		2000.0000	1.00	PubChem CID:6134 - (2R,3R,4S,5R,6S)-2-(hydroxymethyl)-6-[(2R,3S,4R,5R...
Leptospira Enrichment EMJH	494.00		-1,0,1	Cl-:-1	0.3981	0.90	PubChem CID:3488 - 5-chloro-N-[2-[4-(cyclohexylcarbamoylsulfamoyl)phe...
Li2B4O7	169.20		-1,0,1		100.0000	1.00	PubChem CID:9815330 - dilithium;3,7-dioxido-2,4,6,8,9-pentaoxa-1,3,5,7-t...
LiCl	42.40		-1,0,1	Cl-:-1	100.0000	0.90	PubChem CID:433294 - lithium chloride
Lipoic acid	206.30	4.75	-1,0,1		14.1254	1.00	PubChem CID:6112 - 5-[(3R)-dithiolan-3-yl]pentanoic acid
MES	195.24		-1,0,1		2000.0000	1.00	PubChem CID:78165 - 2-morpholin-4-ylethanesulfonic acid
MES (2-Morpholinoethanesulfonic acid)	962.20	4.75	-1,0,1		100.0000	1.00	PubChem CID:157176434 - ethane
MES (2-[N-Morpholino]ethane sulfonic acid)	962.20	4.75	-1,0,1		100.0000	1.00	PubChem CID:157176434 - ethane
MES [2-(N-morpholino) ethane sulfonic acid]	962.20	4.75	-1,0,1		100.0000	1.00	PubChem CID:157176434 - ethane
MES acids	239.25	4.75	-1,0,1		19.9526	1.00	PubChem CID:6752 - 4-amino-5-hydroxynaphthalene-1-sulfonic acid
MOPS	209.27		-1,0,1		2000.0000	1.00	PubChem CID:70807 - 3-morpholin-4-ylpropane-1-sulfonic acid
MOPS (3-(N-morpholino) propane-sulfonic acid)	220.48	4.75	-1,0,1		100.0000	1.00	PubChem CID:91499561 - propane
MOPS buffer	209.27		-1,0,1		2000.0000	1.00	PubChem CID:70807 - 3-morpholin-4-ylpropane-1-sulfonic acid
Magnesium Sulfate	120.37		-1,0,1	Mg2+:2	1.0000	0.80	PubChem CID:24083 - magnesium sulfate
Magnesium acetate	142.39	4.76	-1,0,1	Mg2+:2	500.0000	0.80	PubChem CID:8896 - magnesium diacetate
Malate	134.09		-1,0,1		446.6836	1.00	PubChem CID:525 - 2-hydroxybutanedioic acid
Malic Acid	134.09	4.75	-1,0,1		446.6836	1.00	PubChem CID:525 - 2-hydroxybutanedioic acid
Malted wheat meal	295.40		-1,0,1		1.2589	1.00	PubChem CID:34772 - 2-[[2-(4-hydroxyphenyl)ethylamino]methyl]-3,4-dihy...
Maltose	342.30		-1,0,1		2000.0000	1.00	PubChem CID:439186 - (2R,3S,4S,5R,6R)-2-(hydroxymethyl)-6-[(2R,3S,4R,5R...
Maltose monohydrate	360.31		-1,0,1		100.0000	1.00	PubChem CID:23615261 - (2R,3R,4R,5R)-2,3,5,6-tetrahydroxy-4-[(2R,3R,4S,5S...
Manganese Sulfate	151.00		-1,0,1	Mn2+:2	1.0000	0.80	PubChem CID:24580 - manganese(2+) sulfate
Mannitol	182.17		-1,0,1		2000.0000	1.00	PubChem CID:6251 - (2R,3R,4R,5R)-hexane-1,2,3,4,5,6-hexol
Melibiose	342.30		-1,0,1		2000.0000	1.00	PubChem CID:440658 - (3R,4S,5S,6R)-6-[[(2S,3R,4S,5R,6R)-3,4,5-trihydrox...
Metal solution (see below)	229.30		-1,0,1	NO3-:-1	39.8107	0.90	PubChem CID:3082 - 2-dimethoxyphosphinothioylsulfanyl-N-methylacetami...
Methanol	128.17		-1,0,1		100.0000	1.00	PubChem CID:141103951 - methanol
Methanol solution (see below)*	184.27		-1,0,1		100.0000	1.00	PubChem CID:141288409 - ethanol
Methylamine	31.06	10.80	-1,0,1		223.8721	1.00	PubChem CID:6329 - methanamine
Methylamine hydrochloride	67.52	10.80	-1,0,1	Cl-:-1	500.0000	0.90	PubChem CID:6364545 - methanamine;hydrochloride
Methylamine-HCl	67.52	10.80	-1,0,1	Cl-:-1	100.0000	0.90	PubChem CID:6364545 - methanamine;hydrochloride
Methylene blue	319.90		-1,0,1	Cl-:-1	100.0000	0.90	PubChem CID:6099 - [7-(dimethylamino)phenothiazin-3-ylidene]-dimethyl...
Mg(NO3)2·6H2O	148.32		-1,0,1	Mg2+:2	100.0000	0.80	PubChem CID:25212 - magnesium dinitrate
Mg(SO4) x 7 H2O (350 g/l stock solution)	229.30		-1,0,1	NO3-:-1	39.8107	0.90	PubChem CID:3082 - 2-dimethoxyphosphinothioylsulfanyl-N-methylacetami...
MgCL2 x 6 H2O	95.21		-1,0,1	Mg2+:2,Cl-:-1	200.0000	0.80	PubChem CID:5360315 - magnesium dichloride
MgCl 2	95.21		-1,0,1	Mg2+:2,Cl-:-1	200.0000	0.80	PubChem CID:5360315 - magnesium dichloride
MgCl 2 x 6 H2O	732.40		0		100.0000	1.00	PubChem CID:168338376 - dioxidanium;bis(oxidooxycyclohexane);bis(oxygen(2-...
MgCl x 6 H2O	732.40		0		100.0000	1.00	PubChem CID:168338376 - dioxidanium;bis(oxidooxycyclohexane);bis(oxygen(2-...
MgCl2	95.21		-1,0,1	Mg2+:2,Cl-:-1	200.0000	0.80	PubChem CID:5360315 - magnesium dichloride
MgCl2  x 6 H2O	95.21		-1,0,1	Mg2+:2,Cl-:-1	200.0000	0.80	PubChem CID:5360315 - magnesium dichloride
MgCl2  x 7 H2O	95.21		-1,0,1	Mg2+:2,Cl-:-1	200.0000	0.80	PubChem CID:5360315 - magnesium dichloride
MgCl2  x 76 H2O	95.21		-1,0,1	Mg2+:2,Cl-:-1	200.0000	0.80	PubChem CID:5360315 - magnesium dichloride
MgCl2 X 6H2O	95.21		-1,0,1	Mg2+:2,Cl-:-1	200.0000	0.80	PubChem CID:5360315 - magnesium dichloride
MgCl2 x 2 H2O	95.21		-1,0,1	Mg2+:2,Cl-:-1	200.0000	0.80	PubChem CID:5360315 - magnesium dichloride
MgCl2 x 6 H20	95.21		-1,0,1	Mg2+:2,Cl-:-1	200.0000	0.80	PubChem CID:5360315 - magnesium dichloride
MgCl2 x 6 H2O	95.21		-1,0,1	Mg2+:2,Cl-:-1	200.0000	0.80	PubChem CID:5360315 - magnesium dichloride
MgCl2 x 6 H2O (200 g/l stock solution)	229.30		-1,0,1	NO3-:-1	39.8107	0.90	PubChem CID:3082 - 2-dimethoxyphosphinothioylsulfanyl-N-methylacetami...
MgCl2 x 6H2O	95.21		-1,0,1	Mg2+:2,Cl-:-1	200.0000	0.80	PubChem CID:5360315 - magnesium dichloride
MgCl2 x 7 H2O	95.21		-1,0,1	Mg2+:2,Cl-:-1	200.0000	0.80	PubChem CID:5360315 - magnesium dichloride
MgCl2.6H2O	203.30		-1,0,1	Mg2+:2,Cl-:-1	200.0000	0.80	PubChem CID:24644 - magnesium;dichloride;hexahydrate
MgCl2x 6 H2O	95.21		-1,0,1	Mg2+:2,Cl-:-1	200.0000	0.80	PubChem CID:5360315 - magnesium dichloride
MgCl2x 6H2O	95.21		-1,0,1	Mg2+:2,Cl-:-1	200.0000	0.80	PubChem CID:5360315 - magnesium dichloride
MgCl2x6H2O	95.21		-1,0,1	Mg2+:2,Cl-:-1	200.0000	0.80	PubChem CID:5360315 - magnesium dichloride
MgCl2 x 6H2O	95.21		-1,0,1	Mg2+:2,Cl-:-1	200.0000	0.80	PubChem CID:5360315 - magnesium dichloride
MgCl2·6H2O	95.21		-1,0,1	Mg2+:2,Cl-:-1	200.0000	0.80	PubChem CID:5360315 - magnesium dichloride
MgSO4	120.37		-1,0,1	Mg2+:2	100.0000	0.80	PubChem CID:24083 - magnesium sulfate
MgSO4  x 7 H2O	120.37		-1,0,1	Mg2+:2	100.0000	0.80	PubChem CID:24083 - magnesium sulfate
MgSO4 x 6 H2O	120.37		-1,0,1	Mg2+:2	100.0000	0.80	PubChem CID:24083 - magnesium sulfate
MgSO4 x 6H2O	120.37		-1,0,1	Mg2+:2	100.0000	0.80	PubChem CID:24083 - magnesium sulfate
MgSO4 x 7 H20	120.37		-1,0,1	Mg2+:2	100.0000	0.80	PubChem CID:24083 - magnesium sulfate
MgSO4 x 7 H2O	120.37		-1,0,1	Mg2+:2	100.0000	0.80	PubChem CID:24083 - magnesium sulfate
MgSO4 x 7 H2O (0.1% w/v)	120.37		-1,0,1	Mg2+:2	100.0000	0.80	PubChem CID:24083 - magnesium sulfate
MgSO4 x 7 H2O (100 mM)	120.37		-1,0,1	Mg2+:2	100.0000	0.80	PubChem CID:24083 - magnesium sulfate
MgSO4 x 7 H2O solution (25%)	229.30		-1,0,1	NO3-:-1	39.8107	0.90	PubChem CID:3082 - 2-dimethoxyphosphinothioylsulfanyl-N-methylacetami...
MgSO4 x 7 H2O to 15.0 g).	120.37		-1,0,1	Mg2+:2	100.0000	0.80	PubChem CID:24083 - magnesium sulfate
MgSO4 x 7H2O	120.37		-1,0,1	Mg2+:2	100.0000	0.80	PubChem CID:24083 - magnesium sulfate
MgSO4 x7 H2O	120.37		-1,0,1	Mg2+:2	100.0000	0.80	PubChem CID:24083 - magnesium sulfate
MgSO4.7H2O	246.48		-1,0,1	Mg2+:2	100.0000	0.80	PubChem CID:24843 - magnesium;sulfate;heptahydrate
MgSO47H2O	120.37		-1,0,1	Mg2+:2	100.0000	0.80	PubChem CID:24083 - magnesium sulfate
MgSO4x7H2O	120.37		-1,0,1	Mg2+:2	100.0000	0.80	PubChem CID:24083 - magnesium sulfate
MgSO4 x 7H2O	120.37		-1,0,1	Mg2+:2	100.0000	0.80	PubChem CID:24083 - magnesium sulfate
MgSO4·7H2O	120.37		-1,0,1	Mg2+:2	100.0000	0.80	PubChem CID:24083 - magnesium sulfate
MgSO4·H2O	120.37		-1,0,1	Mg2+:2	100.0000	0.80	PubChem CID:24083 - magnesium sulfate
MgSo4 x 7 H2O	120.37		-1,0,1	Mg2+:2	100.0000	0.80	PubChem CID:24083 - magnesium sulfate
Mix	444.50		-1,0,1		31.6228	1.00	PubChem CID:4212 - 1,4-dihydroxy-5,8-bis[2-(2-hydroxyethylamino)ethyl...
Mm Bicarbonate	240.04		0		1.0000	1.00	PubChem CID:22672934 - carbonate
MnCl	125.84		-1,0,1	Cl-:-1	200.0000	0.90	PubChem CID:24480 - dichloromanganese
MnCl2	125.84		-1,0,1	Cl-:-1	200.0000	0.90	PubChem CID:24480 - dichloromanganese
MnCl2 solution see below	229.30		-1,0,1	NO3-:-1	39.8107	0.90	PubChem CID:3082 - 2-dimethoxyphosphinothioylsulfanyl-N-methylacetami...
MnCl2 x 2 H2O	125.84		-1,0,1	Cl-:-1	200.0000	0.90	PubChem CID:24480 - dichloromanganese
MnCl2 x 4 H2O	125.84		-1,0,1	Cl-:-1	200.0000	0.90	PubChem CID:24480 - dichloromanganese
MnCl2 x 4 H2O (0.1% w/v)	125.84		-1,0,1	Cl-:-1	200.0000	0.90	PubChem CID:24480 - dichloromanganese
MnCl2 x 4 H2O (0.36 g/l)	125.84		-1,0,1	Cl-:-1	200.0000	0.90	PubChem CID:24480 - dichloromanganese
MnCl2 x 4H2O	125.84		-1,0,1	Cl-:-1	200.0000	0.90	PubChem CID:24480 - dichloromanganese
MnCl2·4H2O	125.84		-1,0,1	Cl-:-1	200.0000	0.90	PubChem CID:24480 - dichloromanganese
MnCl2·6H2O	125.84		-1,0,1	Cl-:-1	200.0000	0.90	PubChem CID:24480 - dichloromanganese
MnCl4·4H2O	441.50		-2,-1,0		0.0126	1.00	PubChem CID:72200978 - 2-[(3-decoxybenzoyl)amino]-5-nitrobenzoate
MnSO4	151.00		-1,0,1	Mn2+:2	100.0000	0.80	PubChem CID:24580 - manganese(2+) sulfate
MnSO4 x 1 H2O	151.00		-1,0,1	Mn2+:2	100.0000	0.80	PubChem CID:24580 - manganese(2+) sulfate
MnSO4 x 2 H2O	151.00		-1,0,1	Mn2+:2	100.0000	0.80	PubChem CID:24580 - manganese(2+) sulfate
MnSO4 x 2 H2O (0.1% w/v)	151.00		-1,0,1	Mn2+:2	100.0000	0.80	PubChem CID:24580 - manganese(2+) sulfate
MnSO4 x 2 H2O (1% solution)	229.30		-1,0,1	NO3-:-1	39.8107	0.90	PubChem CID:3082 - 2-dimethoxyphosphinothioylsulfanyl-N-methylacetami...
MnSO4 x 4 H2O	151.00		-1,0,1	Mn2+:2	100.0000	0.80	PubChem CID:24580 - manganese(2+) sulfate
MnSO4 x 5 H2O	151.00		-1,0,1	Mn2+:2	100.0000	0.80	PubChem CID:24580 - manganese(2+) sulfate
MnSO4 x 6 H2O	151.00		-1,0,1	Mn2+:2	100.0000	0.80	PubChem CID:24580 - manganese(2+) sulfate
MnSO4 x 7 H2O	151.00		-1,0,1	Mn2+:2	100.0000	0.80	PubChem CID:24580 - manganese(2+) sulfate
MnSO4 x 7H2O	151.00		-1,0,1	Mn2+:2	100.0000	0.80	PubChem CID:24580 - manganese(2+) sulfate
MnSO4 x H2O	151.00		-1,0,1	Mn2+:2	100.0000	0.80	PubChem CID:24580 - manganese(2+) sulfate
MnSO4 x X H2O	151.00		-1,0,1	Mn2+:2	100.0000	0.80	PubChem CID:24580 - manganese(2+) sulfate
MnSO4.4H2O	223.06		-1,0,1	Mn2+:2	100.0000	0.80	PubChem CID:22572548 - manganese(2+);sulfate;tetrahydrate
MnSO4·5H2O	151.00		-1,0,1	Mn2+:2	100.0000	0.80	PubChem CID:24580 - manganese(2+) sulfate
MoO3	143.95		-1,0,1		100.0000	1.00	PubChem CID:14802 - trioxomolybdenum
Monopotassium Phosphate	136.09	2.15,7.20,12.35	-3,-2,-1,0,1,2,3	K+:1	500.0	0.9	PubChem CID:516951 - potassium dihydrogen phosphate
Monosodium glutamate	187.13		-1,0,1	Na+:1	500.0000	0.90	PubChem CID:23666328 - sodium;(2S)-2-amino-5-hydroxy-5-oxopentanoate;hydr...
N-Acetyl Glucosamine	221.21	10.80	-1,0,1		2000.0000	1.00	PubChem CID:1738118 - N-[(2R,3R,4S,5R)-3,4,5,6-tetrahydroxy-1-oxohexan-2...
N-Acetyl-D-glucosamine	221.21	10.80	-1,0,1		707.9458	1.00	PubChem CID:439174 - N-[(3R,4R,5S,6R)-2,4,5-trihydroxy-6-(hydroxymethyl...
N-Acetyl-D-glucosamine (Sigma)	147.13	10.80	-1,0,1		2000.0000	1.00	PubChem CID:23327 - (2R)-2-aminopentanedioic acid
N-Acetylglucosamine	221.21	10.80	-1,0,1		2000.0000	1.00	PubChem CID:1738118 - N-[(2R,3R,4S,5R)-3,4,5,6-tetrahydroxy-1-oxohexan-2...
NA2 EDTA	336.21		-1,0,1	Na+:1	100.0000	0.90	PubChem CID:8759 - disodium;2-[2-[carboxylatomethyl(carboxymethyl)ami...
NH4CL	53.49		-1,0,1	Cl-:-1	100.0000	0.90	PubChem CID:25517 - azanium chloride
NH4Cl	53.49		-1,0,1	Cl-:-1	100.0000	0.90	PubChem CID:25517 - azanium chloride
NH4Cl2	53.49		-1,0,1	Cl-:-1	100.0000	0.90	PubChem CID:25517 - azanium chloride
NH4H2PO4	115.03		-1,0,1		100.0000	1.00	PubChem CID:24402 - azanium dihydrogen phosphate
NH4HCO3	61.02		-2,-1,0		56.2341	1.00	PubChem CID:769 - hydrogen carbonate
NH4NO3	34.04		0,1,2		398.1072	1.00	PubChem CID:933 - hydroxyazanium
Na NO3	85.00		-1,0,1	Na+:1	100.0000	0.90	PubChem CID:24268 - sodium nitrate
Na Succinate	118.09		-1,0,1		199.5262	1.00	PubChem CID:1110 - butanedioic acid
Na gluconate	196.16		-1,0,1		2000.0000	1.00	PubChem CID:10690 - (2R,3S,4R,5R)-2,3,4,5,6-pentahydroxyhexanoic acid
Na-(DL)-lactate	89.07		-2,-1,0		79.4328	1.00	PubChem CID:91435 - 2-hydroxypropanoate
Na-(L)-lactate	89.07		-2,-1,0		79.4328	1.00	PubChem CID:91435 - 2-hydroxypropanoate
Na-3-hydroxybutyrate	46.07		-1,0,1		112.2018	1.00	PubChem CID:702 - ethanol
Na-DL-lactate	89.07		-2,-1,0		79.4328	1.00	PubChem CID:91435 - 2-hydroxypropanoate
Na-EDTA	292.24		-1,0,1		2000.0000	1.00	PubChem CID:6049 - 2-[2-[bis(carboxymethyl)amino]ethyl-(carboxymethyl...
Na-L-lactate	89.07		-2,-1,0		79.4328	1.00	PubChem CID:91435 - 2-hydroxypropanoate
Na-Thioglycolate	62.07		-1,0,1		501.1872	1.00	PubChem CID:174 - ethane-1,2-diol
Na-ampicillin	334.40		-1,0,1		12.5893	1.00	PubChem CID:2349 - 3,3-dimethyl-7-oxo-6-[(2-phenylacetyl)amino]-4-thi...
Na-ascorbate	176.12		-1,0,1		630.9573	1.00	PubChem CID:54670067 - (2R)-2-[(1S)-1,2-dihydroxyethyl]-3,4-dihydroxy-2H-...
Na-aspartate	133.10		-1,0,1		2000.0000	1.00	PubChem CID:5960 - (2S)-2-aminobutanedioic acid
Na-butyrate	87.10		-2,-1,0		19.9526	1.00	PubChem CID:104775 - butanoate
Na-caproate	115.15		-2,-1,0		5.0119	1.00	PubChem CID:4398339 - hexanoate
Na-crotonate	86.09		-1,0,1		44.6684	1.00	PubChem CID:637090 - (E)-but-2-enoic acid
Na-gluconate	196.16		-1,0,1		2000.0000	1.00	PubChem CID:10690 - (2R,3S,4R,5R)-2,3,4,5,6-pentahydroxyhexanoic acid
Na-glutamate	147.13		-1,0,1		2000.0000	1.00	PubChem CID:611 - 2-aminopentanedioic acid
Na-glycerol phosphate	474.86	2.15,7.20,12.35	-3,-2,-1,0,1,2,3		1.0000	1.00	PubChem CID:21896573 - phosphate
Na-glycerophosphate	474.86	2.15,7.20,12.35	-3,-2,-1,0,1,2,3		1.0000	1.00	PubChem CID:21896573 - phosphate
Na-lactate	89.07		-2,-1,0		79.4328	1.00	PubChem CID:91435 - 2-hydroxypropanoate
Na-meta silicate	92.08		-3		100.0000	1.00	PubChem CID:104812 - silicate
Na-meta-silicate	92.08		-3		100.0000	1.00	PubChem CID:104812 - silicate
Na-propionate	110.11		-1,0,1		50.1187	1.00	PubChem CID:785 - benzene-1,4-diol
Na-succinate	118.09		-1,0,1		199.5262	1.00	PubChem CID:1110 - butanedioic acid
Na-tartrate	110.11		-1,0,1		50.1187	1.00	PubChem CID:785 - benzene-1,4-diol
Na-thioglycolate	62.07		-1,0,1		501.1872	1.00	PubChem CID:174 - ethane-1,2-diol
Na2 EDTA	336.21		-1,0,1	Na+:1	100.0000	0.90	PubChem CID:8759 - disodium;2-[2-[carboxylatomethyl(carboxymethyl)ami...
Na2 α-ketoglutarate	132.11		-1,0,1		141.2538	1.00	PubChem CID:743 - pentanedioic acid
Na2-9,10-anthraquinone-2,6-disulfonate (TCI A0308)	64.07		-1,0,1		89.1251	1.00	PubChem CID:1119 - sulfur dioxide
Na2-EDTA	336.21		-1,0,1	Na+:1	100.0000	0.90	PubChem CID:8759 - disodium;2-[2-[carboxylatomethyl(carboxymethyl)ami...
Na2-tartrate x 2 H2O	110.11		-1,0,1		50.1187	1.00	PubChem CID:785 - benzene-1,4-diol
Na2-ß-glycerolphosphate	474.86	2.15,7.20,12.35	-3,-2,-1,0,1,2,3		1.0000	1.00	PubChem CID:21896573 - phosphate
Na2-ß-glycerophosphate	474.86	2.15,7.20,12.35	-3,-2,-1,0,1,2,3		1.0000	1.00	PubChem CID:21896573 - phosphate
Na2B4O7	201.20		-1,0,1	Na+:1	100.0000	0.90	PubChem CID:10219853 - disodium;3,7-dioxido-2,4,6,8,9-pentaoxa-1,3,5,7-te...
Na2B4O7 x 10 H2O	201.20		-1,0,1	Na+:1	100.0000	0.90	PubChem CID:10219853 - disodium;3,7-dioxido-2,4,6,8,9-pentaoxa-1,3,5,7-te...
Na2B4O7 x 10H2O	201.20		-1,0,1	Na+:1	100.0000	0.90	PubChem CID:10219853 - disodium;3,7-dioxido-2,4,6,8,9-pentaoxa-1,3,5,7-te...
Na2B4O7·10H2O	201.20		-1,0,1	Na+:1	100.0000	0.90	PubChem CID:10219853 - disodium;3,7-dioxido-2,4,6,8,9-pentaoxa-1,3,5,7-te...
Na2CO3	105.99		-1,0,1	Na+:1	100.0000	0.90	PubChem CID:10340 - disodium;carbonate
Na2EDTA	336.21		-1,0,1	Na+:1	100.0000	0.90	PubChem CID:8759 - disodium;2-[2-[carboxylatomethyl(carboxymethyl)ami...
Na2EDTA.2H2O	292.24		-1,0,1		2000.0000	1.00	PubChem CID:6049 - 2-[2-[bis(carboxymethyl)amino]ethyl-(carboxymethyl...
Na2EDTA·2H2O	292.24		-1,0,1		2000.0000	1.00	PubChem CID:6049 - 2-[2-[bis(carboxymethyl)amino]ethyl-(carboxymethyl...
Na2H2PO4	211.00		-1,0,1		100.0000	1.00	PubChem CID:23941 - polane
Na2HPO4	141.96		-1,0,1	Na+:1	100.0000	0.90	PubChem CID:24203 - disodium;hydrogen phosphate
Na2HPO4 x 12 H2O	141.96		-1,0,1	Na+:1	100.0000	0.90	PubChem CID:24203 - disodium;hydrogen phosphate
Na2HPO4 x 2 H2O	141.96		-1,0,1	Na+:1	100.0000	0.90	PubChem CID:24203 - disodium;hydrogen phosphate
Na2HPO4 x 2H2O	141.96		-1,0,1	Na+:1	100.0000	0.90	PubChem CID:24203 - disodium;hydrogen phosphate
Na2HPO4 x2 H2O	141.96		-1,0,1	Na+:1	100.0000	0.90	PubChem CID:24203 - disodium;hydrogen phosphate
Na2HPO4·2H2O	141.96		-1,0,1	Na+:1	100.0000	0.90	PubChem CID:24203 - disodium;hydrogen phosphate
Na2HPO4·6H2O	141.96		-1,0,1	Na+:1	100.0000	0.90	PubChem CID:24203 - disodium;hydrogen phosphate
Na2MoO4	205.93		-1,0,1	Na+:1	100.0000	0.90	PubChem CID:61424 - disodium;dioxido(dioxo)molybdenum
Na2MoO4 x 2 H2O	205.93		-1,0,1	Na+:1	100.0000	0.90	PubChem CID:61424 - disodium;dioxido(dioxo)molybdenum
Na2MoO4 x 2 H2O (0.1% w/v)	205.93		-1,0,1	Na+:1	100.0000	0.90	PubChem CID:61424 - disodium;dioxido(dioxo)molybdenum
Na2MoO4 x 2H2O	205.93		-1,0,1	Na+:1	100.0000	0.90	PubChem CID:61424 - disodium;dioxido(dioxo)molybdenum
Na2MoO4 x 7 H2O	205.93		-1,0,1	Na+:1	100.0000	0.90	PubChem CID:61424 - disodium;dioxido(dioxo)molybdenum
Na2MoO4 x H2O	205.93		-1,0,1	Na+:1	100.0000	0.90	PubChem CID:61424 - disodium;dioxido(dioxo)molybdenum
Na2MoO4*2 H2O	205.93		-1,0,1	Na+:1	100.0000	0.90	PubChem CID:61424 - disodium;dioxido(dioxo)molybdenum
Na2MoO4*2H2O	205.93		-1,0,1	Na+:1	100.0000	0.90	PubChem CID:61424 - disodium;dioxido(dioxo)molybdenum
Na2MoO4-2H2O	159.95		-3,-2,-1		100.0000	1.00	PubChem CID:24621 - dioxido(dioxo)molybdenum
Na2MoO4.2H2O	241.96		-1,0,1	Na+:1	100.0000	0.90	PubChem CID:16211258 - disodium;dioxido(dioxo)molybdenum;dihydrate
Na2MoO4·2H2O	205.93		-1,0,1	Na+:1	100.0000	0.90	PubChem CID:61424 - disodium;dioxido(dioxo)molybdenum
Na2MoSO4 x 2 H2O	254.20		-1,0,1		100.0000	1.00	PubChem CID:30318 - tetraoxoosmium
Na2O4W x 2 H2O	61.98		-1,0,1	Na+:1	100.0000	0.90	PubChem CID:73971 - disodium;oxygen(2-)
Na2S	78.05		-1,0,1	Na+:1	100.0000	0.90	PubChem CID:14804 - disodium;sulfide
Na2S x 9 H2O	78.05		-1,0,1	Na+:1	100.0000	0.90	PubChem CID:14804 - disodium;sulfide
Na2S x 9 H2O (3% w/v)	78.05		-1,0,1	Na+:1	100.0000	0.90	PubChem CID:14804 - disodium;sulfide
Na2S x 9 H2O(24% w/v)	78.05		-1,0,1	Na+:1	100.0000	0.90	PubChem CID:14804 - disodium;sulfide
Na2S2O3	158.11		-1,0,1	Na+:1	100.0000	0.90	PubChem CID:24477 - disodium;dioxido-oxo-sulfanylidene-lambda6-sulfane
Na2S2O3 x 5 H20	78.05		-1,0,1	Na+:1	100.0000	0.90	PubChem CID:14804 - disodium;sulfide
Na2S2O3 x 5 H2O	78.05		-1,0,1	Na+:1	100.0000	0.90	PubChem CID:14804 - disodium;sulfide
Na2S2O3 x 5 H2O (10% solution)	229.30		-1,0,1	NO3-:-1	39.8107	0.90	PubChem CID:3082 - 2-dimethoxyphosphinothioylsulfanyl-N-methylacetami...
Na2S2O3 x 5 H2O(24 % w/v)	78.05		-1,0,1	Na+:1	100.0000	0.90	PubChem CID:14804 - disodium;sulfide
Na2S2O3 x 5H2O	78.05		-1,0,1	Na+:1	100.0000	0.90	PubChem CID:14804 - disodium;sulfide
Na2S2O3x5H2O	78.05		-1,0,1	Na+:1	100.0000	0.90	PubChem CID:14804 - disodium;sulfide
Na2S2O3·5H2O	78.05		-1,0,1	Na+:1	100.0000	0.90	PubChem CID:14804 - disodium;sulfide
Na2S2O4·2H2O	78.05		-1,0,1	Na+:1	100.0000	0.90	PubChem CID:14804 - disodium;sulfide
Na2S2O5	190.11		-1,0,1	Na+:1	100.0000	0.90	PubChem CID:656671
Na2SO3	126.05		-1,0,1	Na+:1	100.0000	0.90	PubChem CID:24437 - disodium;sulfite
Na2SO3 x 5 H20	78.05		-1,0,1	Na+:1	100.0000	0.90	PubChem CID:14804 - disodium;sulfide
Na2SO4	142.04		-1,0,1	Na+:1	100.0000	0.90	PubChem CID:24436 - disodium;sulfate
Na2SO4 x 10 H2O	78.05		-1,0,1	Na+:1	100.0000	0.90	PubChem CID:14804 - disodium;sulfide
Na2Se3 x 5 H2O	78.05		-1,0,1	Na+:1	100.0000	0.90	PubChem CID:14804 - disodium;sulfide
Na2SeO3	78.05		-1,0,1	Na+:1	100.0000	0.90	PubChem CID:14804 - disodium;sulfide
Na2SeO3 5 H2O	78.05		-1,0,1	Na+:1	100.0000	0.90	PubChem CID:14804 - disodium;sulfide
Na2SeO3 x 5 H2O	78.05		-1,0,1	Na+:1	100.0000	0.90	PubChem CID:14804 - disodium;sulfide
Na2SeO3 x 5 H2O (0.01% w/v)	78.05		-1,0,1	Na+:1	100.0000	0.90	PubChem CID:14804 - disodium;sulfide
Na2SeO3·5H2O	78.05		-1,0,1	Na+:1	100.0000	0.90	PubChem CID:14804 - disodium;sulfide
Na2SeO4	78.05		-1,0,1	Na+:1	100.0000	0.90	PubChem CID:14804 - disodium;sulfide
Na2SeO4 x 10 H2O	78.05		-1,0,1	Na+:1	100.0000	0.90	PubChem CID:14804 - disodium;sulfide
Na2SiO3	78.05		-1,0,1	Na+:1	100.0000	0.90	PubChem CID:14804 - disodium;sulfide
Na2SiO3 x 9 H20	78.05		-1,0,1	Na+:1	100.0000	0.90	PubChem CID:14804 - disodium;sulfide
Na2SiO3 x 9 H2O	78.05		-1,0,1	Na+:1	100.0000	0.90	PubChem CID:14804 - disodium;sulfide
Na2SiO3.9H2O	78.05		-1,0,1	Na+:1	100.0000	0.90	PubChem CID:14804 - disodium;sulfide
Na2SiO3·9H2O	78.05		-1,0,1	Na+:1	100.0000	0.90	PubChem CID:14804 - disodium;sulfide
Na2S·9H2O	78.05		-1,0,1	Na+:1	100.0000	0.90	PubChem CID:14804 - disodium;sulfide
Na2WO4	293.82		-1,0,1	Na+:1	100.0000	0.90	PubChem CID:26052 - disodium;dioxido(dioxo)tungsten
Na2WO4 x 2 H20	293.82		-1,0,1	Na+:1	100.0000	0.90	PubChem CID:26052 - disodium;dioxido(dioxo)tungsten
Na2WO4 x 2 H2O	293.82		-1,0,1	Na+:1	100.0000	0.90	PubChem CID:26052 - disodium;dioxido(dioxo)tungsten
Na2WO4 x 2 H2O (0.1% w/v)	293.82		-1,0,1	Na+:1	100.0000	0.90	PubChem CID:26052 - disodium;dioxido(dioxo)tungsten
Na2WO4 x 2H2O	293.82		-1,0,1	Na+:1	100.0000	0.90	PubChem CID:26052 - disodium;dioxido(dioxo)tungsten
Na2WO4*2H2O	293.82		-1,0,1	Na+:1	100.0000	0.90	PubChem CID:26052 - disodium;dioxido(dioxo)tungsten
Na2WO4·2H2O	293.82		-1,0,1	Na+:1	100.0000	0.90	PubChem CID:26052 - disodium;dioxido(dioxo)tungsten
Na2citrate x 2 H2O	192.12		-1,0,1		707.9458	1.00	PubChem CID:311 - 2-hydroxypropane-1,2,3-tricarboxylic acid
Na3-Citrate x 2 H2O	192.12		-1,0,1		707.9458	1.00	PubChem CID:311 - 2-hydroxypropane-1,2,3-tricarboxylic acid
Na3-EDTA	292.24		-1,0,1		2000.0000	1.00	PubChem CID:6049 - 2-[2-[bis(carboxymethyl)amino]ethyl-(carboxymethyl...
Na3-citrate x 2 H2O	192.12		-1,0,1		707.9458	1.00	PubChem CID:311 - 2-hydroxypropane-1,2,3-tricarboxylic acid
Na3-citrate x 2 H2O (0.6 g/l stock solution)	192.12		-1,0,1		707.9458	1.00	PubChem CID:311 - 2-hydroxypropane-1,2,3-tricarboxylic acid
Na3-citrate x 5 H2O	192.12		-1,0,1		707.9458	1.00	PubChem CID:311 - 2-hydroxypropane-1,2,3-tricarboxylic acid
Na3Citrate x 2 H2O	192.12		-1,0,1		707.9458	1.00	PubChem CID:311 - 2-hydroxypropane-1,2,3-tricarboxylic acid
Na3VO4	183.91		-1,0,1	Na+:1	100.0000	0.90	PubChem CID:61671 - trisodium;trioxido(oxo)vanadium
Na3‐citrate x 2H2O	192.12		-1,0,1		707.9458	1.00	PubChem CID:311 - 2-hydroxypropane-1,2,3-tricarboxylic acid
Na3‐citrate x 2H2O	192.12		-1,0,1		707.9458	1.00	PubChem CID:311 - 2-hydroxypropane-1,2,3-tricarboxylic acid
NaBr	102.89		-1,0,1	Na+:1	200.0000	0.90	PubChem CID:253881 - sodium bromide
NaCL	58.44		-1,0,1	Na+:1,Cl-:-1	200.0	0.9	PubChem CID:5234 - sodium chloride
NaCl	58.44		-1,0,1	Na+:1,Cl-:-1	200.0	0.9	PubChem CID:5234 - sodium chloride
NaClO3	58.44		-1,0,1	Na+:1,Cl-:-1	200.0	0.9	PubChem CID:5234 - sodium chloride
NaEDTA	292.24		-1,0,1		2000.0000	1.00	PubChem CID:6049 - 2-[2-[bis(carboxymethyl)amino]ethyl-(carboxymethyl...
NaF	41.99		-1,0,1	Na+:1	100.0000	0.90	PubChem CID:5235 - sodium fluoride
NaH2PO4	119.98		-1,0,1	Na+:1	100.0000	0.90	PubChem CID:23672064 - sodium dihydrogen phosphate
NaH2PO4 x 2 H2O	211.00		-1,0,1		100.0000	1.00	PubChem CID:23941 - polane
NaH2PO4 x 2H2O	211.00		-1,0,1		100.0000	1.00	PubChem CID:23941 - polane
NaH2PO4.2H2O	211.00		-1,0,1		100.0000	1.00	PubChem CID:23941 - polane
NaH2PO4·2H2O	211.00		-1,0,1		100.0000	1.00	PubChem CID:23941 - polane
NaHCO3	84.01		-1,0,1	Na+:1	100.0000	0.90	PubChem CID:516892 - sodium hydrogen carbonate
NaHSeO3	56.07		-1,0,1	Na+:1	100.0000	0.90	PubChem CID:28015 - sodium sulfanide
NaMoO4 x 2 H2O	530.40		-1,0,1	Br-:-1	0.0562	0.90	PubChem CID:9604685 - 3-[(2Z)-3-benzyl-2-[(E)-(4-methylphenyl)methyliden...
NaNO2	69.00		-1,0,1	Na+:1	100.0000	0.90	PubChem CID:23668193 - sodium nitrite
NaNO3	85.00		-1,0,1	Na+:1	100.0000	0.90	PubChem CID:24268 - sodium nitrate
NaOH	40.00		-1,0,1	Na+:1	100.0000	0.90	PubChem CID:14798 - sodium hydroxide
NaS2O3	197.84		-1,0,1		100.0000	1.00	PubChem CID:14888 - bis(arsenic(3+));tris(oxygen(2-))
NaS2O3 x 5 H2O	197.84		-1,0,1		100.0000	1.00	PubChem CID:14888 - bis(arsenic(3+));tris(oxygen(2-))
NaSO4	126.00		-1,0,1	Na+:1	100.0000	0.90	PubChem CID:13726194 - lithium;sodium;sulfate
NaVO3	121.93		-1,0,1	Na+:1	100.0000	0.90	PubChem CID:4148882 - sodium oxido(dioxo)vanadium
Nacl	58.44		-1,0,1	Na+:1,Cl-:-1	200.0	0.9	PubChem CID:5234 - sodium chloride
Natetrathionate	406.90		-1,0,1	Cl-:-1	1.2589	0.90	PubChem CID:3224 - 1,9,10,11,12,12-hexachloro-4,6-dioxa-5lambda4-thia...
Natural seawater	18.02		-1,0,1		177.8279	1.00	PubChem CID:962 - oxidane
NiCl 2 x 6 H2O	732.40		0		100.0000	1.00	PubChem CID:168338376 - dioxidanium;bis(oxidooxycyclohexane);bis(oxygen(2-...
NiCl2	129.60		-1,0,1	Cl-:-1	200.0000	0.90	PubChem CID:24385 - dichloronickel
NiCl2 x 2 H2O	129.60		-1,0,1	Cl-:-1	200.0000	0.90	PubChem CID:24385 - dichloronickel
NiCl2 x 2H2O	129.60		-1,0,1	Cl-:-1	200.0000	0.90	PubChem CID:24385 - dichloronickel
NiCl2 x 6 H20	129.60		-1,0,1	Cl-:-1	200.0000	0.90	PubChem CID:24385 - dichloronickel
NiCl2 x 6 H2O	129.60		-1,0,1	Cl-:-1	200.0000	0.90	PubChem CID:24385 - dichloronickel
NiCl2 x 6 H2O (0.1% w/v)	129.60		-1,0,1	Cl-:-1	200.0000	0.90	PubChem CID:24385 - dichloronickel
NiCl2·6H2O	129.60		-1,0,1	Cl-:-1	200.0000	0.90	PubChem CID:24385 - dichloronickel
Niacin	123.11		-1,0,1		63.0957	1.00	PubChem CID:938 - pyridine-3-carboxylic acid
Nicotinamide	122.12		-1,0,1		158.4893	1.00	PubChem CID:936 - pyridine-3-carboxamide
Nicotinate	122.10		-2,-1,0		35.4813	1.00	PubChem CID:937 - pyridine-3-carboxylate
Nicotine amide	122.12		-1,0,1		158.4893	1.00	PubChem CID:936 - pyridine-3-carboxamide
Nicotinic Acid	123.11	4.75	-1,0,1		63.0957	1.00	PubChem CID:938 - pyridine-3-carboxylic acid
Nicotinic acid	123.11	4.75	-1,0,1		63.0957	1.00	PubChem CID:938 - pyridine-3-carboxylic acid
Nicotinic acid (PP)	123.11	4.75	-1,0,1		63.0957	1.00	PubChem CID:938 - pyridine-3-carboxylic acid
Nicotinic Acid	123.11	4.75	-1,0,1		63.0957	1.00	PubChem CID:938 - pyridine-3-carboxylic acid
Nitrilotriacetate	191.14	4.76	-1,0,1		2000.0000	1.00	PubChem CID:8758 - 2-[bis(carboxymethyl)amino]acetic acid
Nitrilotriacetate (NTA)	61.03	4.76	-1,0,1		63.0957	1.00	PubChem CID:102089142 - acetate
Nitrilotriacetic Acid	191.14	4.75	-1,0,1		2000.0000	1.00	PubChem CID:8758 - 2-[bis(carboxymethyl)amino]acetic acid
Nitrilotriacetic acid	191.14	4.75	-1,0,1		2000.0000	1.00	PubChem CID:8758 - 2-[bis(carboxymethyl)amino]acetic acid
Nitrilotriacetic acid (NTA)	191.14	4.75	-1,0,1		2000.0000	1.00	PubChem CID:8758 - 2-[bis(carboxymethyl)amino]acetic acid
Nitrilotriacetic acid trisodium salt monohydrate	58.44	4.75,8.07	-2,-1,0,1,2	Na+:1,Cl-:-1	500.0	0.9	PubChem CID:5234 - sodium chloride
Nitrilotriacetic acid, trisodium salt	58.44	4.75,8.07	-2,-1,0,1,2	Na+:1,Cl-:-1	500.0	0.9	PubChem CID:5234 - sodium chloride
Nutrients	17.03		-1,0,1		223.8721	1.00	PubChem CID:222 - azane
Oat flakes	350.87		-1,0,1	Cl-:-1	100.0000	0.90	PubChem CID:47909 - 1-N'-[2-[[5-[(dimethylamino)methyl]furan-2-yl]meth...
Olive oil	92.09		-1,0,1		794.3282	1.00	PubChem CID:753 - propane-1,2,3-triol
P-Aminobenzoic acid	137.14	4.75,10.80	-2,-1,0,1,2		39.8107	1.00	PubChem CID:978 - 4-aminobenzoic acid
PABA	137.14		-1,0,1		39.8107	1.00	PubChem CID:978 - 4-aminobenzoic acid
PIPES	302.40		-1,0,1		2000.0000	1.00	PubChem CID:79723 - 2-[4-(2-sulfoethyl)piperazin-1-yl]ethanesulfonic a...
Pantothenic acid	219.23	4.75	-1,0,1		354.8134	1.00	PubChem CID:6613 - 3-[[(2R)-2,4-dihydroxy-3,3-dimethylbutanoyl]amino]...
Phenyl acetic acid	136.15	4.75	-1,0,1		19.9526	1.00	PubChem CID:999 - 2-phenylacetic acid
Phenyl propionic acid	150.17	4.75	-1,0,1		12.5893	1.00	PubChem CID:107 - 3-phenylpropanoic acid
Phosphate buffer stock solution	474.86	2.15,7.20,12.35	-3,-2,-1,0,1,2,3		1.0000	1.00	PubChem CID:21896573 - phosphate
Phosphates solution	474.86	2.15,7.20,12.35	-3,-2,-1,0,1,2,3		1.0000	1.00	PubChem CID:21896573 - phosphate
Poly hexamethylene carbonate (PHC)*	240.04		0		1.0000	1.00	PubChem CID:22672934 - carbonate
Potassium Aspartate	360.40		-1,0,1	K+:1	500.0000	0.90	PubChem CID:71586907 - dipotassium;bis((2S)-2-aminobutanedioate);hydron;h...
Potassium Glutamate	203.23		-1,0,1	K+:1	500.0000	0.90	PubChem CID:23695977 - potassium;(4S)-4-amino-5-hydroxy-5-oxopentanoate;h...
Potassium acetate	98.14	4.76	-1,0,1	K+:1	500.0000	0.90	PubChem CID:517044 - potassium acetate
Potato	342.30		-1,0,1		2000.0000	1.00	PubChem CID:294 - 2-(hydroxymethyl)-6-[4,5,6-trihydroxy-2-(hydroxyme...
Propionic acid	74.08	4.75	-1,0,1		70.7946	1.00	PubChem CID:1032 - propanoic acid
Pullulan	905.00		-1,0,1		354.8134	1.00	PubChem CID:3085039 - [(2R,3S,4R,5R,6S)-4,5-dihydroxy-3-[(2R,3R,4S,5S,6R...
Putrescine	88.15		-1,0,1		281.8383	1.00	PubChem CID:1045 - butane-1,4-diamine
Pyridoxal phosphate	247.14	2.15,7.20,12.35	-3,-2,-1,0,1,2,3		354.8134	1.00	PubChem CID:1051 - (4-formyl-5-hydroxy-6-methyl-3-pyridinyl)methyl di...
Pyridoxal·HCl	167.16		-1,0,1	NO3-:-1	100.0000	0.90	PubChem CID:1050 - 3-hydroxy-5-(hydroxymethyl)-2-methylpyridine-4-car...
Pyridoxamine	168.19	10.80	-1,0,1		316.2278	1.00	PubChem CID:1052 - 4-(aminomethyl)-5-(hydroxymethyl)-2-methylpyridin-...
Pyridoxamine Dihydrochloride	241.11	10.80	-1,0,1	Cl-:-1	500.0000	0.90	PubChem CID:10664 - 4-(aminomethyl)-5-(hydroxymethyl)-2-methylpyridin-...
Pyridoxamine dihydrochloride	241.11	10.80	-1,0,1	Cl-:-1	500.0000	0.90	PubChem CID:10664 - 4-(aminomethyl)-5-(hydroxymethyl)-2-methylpyridin-...
Pyridoxamine-HCl	204.65	10.80	-1,0,1	Cl-:-1	100.0000	0.90	PubChem CID:216452 - 4-(aminomethyl)-5-(hydroxymethyl)-2-methylpyridin-...
Pyridoxamine·2HCl	168.19	10.80	-1,0,1		316.2278	1.00	PubChem CID:1052 - 4-(aminomethyl)-5-(hydroxymethyl)-2-methylpyridin-...
Pyridoxamine·HCl	168.19	10.80	-1,0,1		316.2278	1.00	PubChem CID:1052 - 4-(aminomethyl)-5-(hydroxymethyl)-2-methylpyridin-...
Pyridoxine	169.18		-1,0,1	NO3-:-1	251.1886	0.90	PubChem CID:1054 - 4,5-bis(hydroxymethyl)-2-methylpyridin-3-ol
Pyridoxine HCl	205.64		-1,0,1	Cl-:-1,NO3-:-1	100.0000	0.90	PubChem CID:6019 - 4,5-bis(hydroxymethyl)-2-methylpyridin-3-ol;hydroc...
Pyridoxine hydrochloride	205.64		-1,0,1	Cl-:-1,NO3-:-1	500.0000	0.90	PubChem CID:6019 - 4,5-bis(hydroxymethyl)-2-methylpyridin-3-ol;hydroc...
Pyridoxine-HCl	205.64		-1,0,1	Cl-:-1,NO3-:-1	100.0000	0.90	PubChem CID:6019 - 4,5-bis(hydroxymethyl)-2-methylpyridin-3-ol;hydroc...
Pyridoxine·HCl	169.18		-1,0,1	NO3-:-1	251.1886	0.90	PubChem CID:1054 - 4,5-bis(hydroxymethyl)-2-methylpyridin-3-ol
Pyrocatechol	110.11		-1,0,1		35.4813	1.00	PubChem CID:289 - benzene-1,2-diol
Pyruvate	87.05		-2,-1,0		199.5262	1.00	PubChem CID:107735 - 2-oxopropanoate
Quinic acid	192.17	4.75	-1,0,1		1584.8932	1.00	PubChem CID:6508 - trans-(3R,5R)-1,3,4,5-tetrahydroxycyclohexane-1-ca...
Raffinose	504.40		-1,0,1		2000.0000	1.00	PubChem CID:439242 - (2S,3R,4S,5R,6R)-2-[[(2R,3S,4S,5R,6R)-6-[(2S,3S,4S...
Resazurin	229.19		-1,0,1		112.2018	1.00	PubChem CID:11077 - 7-hydroxy-10-oxidophenoxazin-10-ium-3-one
Riboflavin	376.40		-1,0,1		562.3413	1.00	PubChem CID:493570 - 7,8-dimethyl-10-[(2S,3S,4R)-2,3,4,5-tetrahydroxype...
Riboflavine (B2)	224.28		0,1,2		7.0795	1.00	PubChem CID:2016 - 10-methylacridin-10-ium-3,6-diamine
Rice starch	122.06		-1,0,1	Na+:1	100.0000	0.90	PubChem CID:23266 - disodium;dioxido(oxo)silane
S77 + vitamins	337.50		-1,0,1		199.5262	1.00	PubChem CID:3325 - 3-[[2-(diaminomethylideneamino)-1,3-thiazol-4-yl]m...
S88 + Vitamins	337.50		-1,0,1		199.5262	1.00	PubChem CID:3325 - 3-[[2-(diaminomethylideneamino)-1,3-thiazol-4-yl]m...
SL10	161.20		-1,0,1		12.5893	1.00	PubChem CID:10685 - 2-(1H-indol-3-yl)ethanol
SOLUTION A	138.12		-1,0,1		7.0795	1.00	PubChem CID:338 - 2-hydroxybenzoic acid
Sake	342.30		-1,0,1		2000.0000	1.00	PubChem CID:439512 - (3R,4S,5R,6R)-6-(hydroxymethyl)-4-[(2R,3R,4S,5S,6R...
Salt Solution I	58.44		-1,0,1	Na+:1,Cl-:-1	200.0	0.9	PubChem CID:5234 - sodium chloride
Sea Salt	58.44		-1,0,1	Na+:1,Cl-:-1	200.0	0.9	PubChem CID:5234 - sodium chloride
Selenite-Tungstate Solution:	126.97		-3,-2,-1		100.0000	1.00	PubChem CID:1090 - selenite
Selenite-Tungstate solution	126.97		-3,-2,-1		100.0000	1.00	PubChem CID:1090 - selenite
Selenite-tungstate solution	126.97		-3,-2,-1		100.0000	1.00	PubChem CID:1090 - selenite
SiO2	60.08		-1,0,1		100.0000	1.00	PubChem CID:24261 - dioxosilane
Sigma Sea salts	58.44		-1,0,1	Na+:1,Cl-:-1	200.0	0.9	PubChem CID:5234 - sodium chloride
SnCl2·2H2O	189.61		-1,0,1	Cl-:-1	100.0000	0.90	PubChem CID:24479 - dichlorotin
Sodium Acetate	82.03	4.76	-1,0,1	Na+:1	500.0000	0.90	PubChem CID:517045 - sodium acetate
Sodium Citrate	258.07		-1,0,1	Na+:1	500.0000	0.90	PubChem CID:6224 - trisodium;2-hydroxypropane-1,2,3-tricarboxylate
Sodium DL-lactate	112.06		-1,0,1	Na+:1	500.0000	0.90	PubChem CID:23666456 - sodium 2-hydroxypropanoate
Sodium DL-malate	178.05		-1,0,1	Na+:1	500.0000	0.90	PubChem CID:8736 - disodium;2-hydroxybutanedioate
Sodium L-lactate	112.06		-1,0,1	Na+:1	500.0000	0.90	PubChem CID:23664767 - sodium (2S)-2-hydroxypropanoate
Sodium L-malate	178.05		-1,0,1	Na+:1	500.0000	0.90	PubChem CID:6097189 - disodium;(2S)-2-hydroxybutanedioate
Sodium Malate And	22.99		-1,0,1	Na+:1	500.0000	0.90	PubChem CID:5360545 - sodium
Sodium Pyruvate	110.04		-1,0,1	Na+:1	500.0000	0.90	PubChem CID:23662274 - sodium 2-oxopropanoate
Sodium acetate	82.03	4.76	-1,0,1	Na+:1	500.0000	0.90	PubChem CID:517045 - sodium acetate
Sodium acetate trihydrate	136.08	4.76	-1,0,1	Na+:1	500.0000	0.90	PubChem CID:23665404 - sodium;acetate;trihydrate
Sodium acetate·3H2O	61.03	4.76	-1,0,1		63.0957	1.00	PubChem CID:102089142 - acetate
Sodium ascorbate	198.11		-1,0,1	Na+:1	500.0000	0.90	PubChem CID:23667548 - sodium (2R)-2-[(1S)-1,2-dihydroxyethyl]-4-hydroxy-...
Sodium benzoate	144.10		-1,0,1	Na+:1	500.0000	0.90	PubChem CID:517055 - sodium benzoate
Sodium butyrate	110.09		-1,0,1	Na+:1	500.0000	0.90	PubChem CID:5222465 - sodium butanoate
Sodium caproate	138.14		-1,0,1	Na+:1	500.0000	0.90	PubChem CID:4087444 - sodium hexanoate
Sodium carbonate	105.99		-1,0,1	Na+:1	500.0000	0.90	PubChem CID:10340 - disodium;carbonate
Sodium citrate	258.07		-1,0,1	Na+:1	500.0000	0.90	PubChem CID:6224 - trisodium;2-hydroxypropane-1,2,3-tricarboxylate
Sodium dithionite	174.11		-1,0,1	Na+:1	500.0000	0.90	PubChem CID:24489
Sodium formate	68.01		-1,0,1	Na+:1	500.0000	0.90	PubChem CID:2723810 - sodium formate
Sodium fumarate	138.05		-1,0,1	Na+:1	500.0000	0.90	PubChem CID:6076814 - sodium (E)-4-hydroxy-4-oxobut-2-enoate
Sodium gluconate	218.14		-1,0,1	Na+:1	500.0000	0.90	PubChem CID:23672301 - sodium (2R,3S,4R,5R)-2,3,4,5,6-pentahydroxyhexanoa...
Sodium glutamate	169.11		-1,0,1	Na+:1	500.0000	0.90	PubChem CID:23672308 - sodium (2S)-2-amino-5-hydroxy-5-oxopentanoate
Sodium glutamate·H2O	22.99		-1,0,1	Na+:1	500.0000	0.90	PubChem CID:5360545 - sodium
Sodium glycerophosphate	216.04	2.15,7.20,12.35	-3,-2,-1,0,1,2,3	Na+:1	500.0000	0.90	PubChem CID:14754 - disodium;2,3-dihydroxypropyl phosphate
Sodium lactate	112.06		-1,0,1	Na+:1	500.0000	0.90	PubChem CID:23666456 - sodium 2-hydroxypropanoate
Sodium malate	178.05		-1,0,1	Na+:1	500.0000	0.90	PubChem CID:8736 - disodium;2-hydroxybutanedioate
Sodium maleate	160.04		-1,0,1	Na+:1	500.0000	0.90	PubChem CID:6364608 - disodium;(Z)-but-2-enedioate
Sodium nitrate	85.00		-1,0,1	Na+:1	500.0000	0.90	PubChem CID:24268 - sodium nitrate
Sodium octanoate	166.19		-1,0,1	Na+:1	500.0000	0.90	PubChem CID:23664772 - sodium octanoate
Sodium palmitate	278.41		-1,0,1	Na+:1	500.0000	0.90	PubChem CID:2735111 - sodium hexadecanoate
Sodium polygalacturonate	22.99		-1,0,1	Na+:1	500.0000	0.90	PubChem CID:5360545 - sodium
Sodium pyrophosphate	265.90	2.15,7.20,12.35	-3,-2,-1,0,1,2,3	Na+:1	500.0000	0.90	PubChem CID:24403 - tetrasodium;phosphonato phosphate
Sodium pyruvate	110.04		-1,0,1	Na+:1	500.0000	0.90	PubChem CID:23662274 - sodium 2-oxopropanoate
Sodium silicate	122.06		-1,0,1	Na+:1	500.0000	0.90	PubChem CID:23266 - disodium;dioxido(oxo)silane
Sodium succinate	162.05		-1,0,1	Na+:1	500.0000	0.90	PubChem CID:9020 - disodium;butanedioate
Sodium tartrate	194.05		-1,0,1	Na+:1	500.0000	0.90	PubChem CID:162637 - disodium;(2R,3R)-2,3-dihydroxybutanedioate
Sodium thioglycolate	114.10		-1,0,1	Na+:1	500.0000	0.90	PubChem CID:23690444 - sodium 2-sulfanylacetate
Sodium β-glycerophosphate	474.86	2.15,7.20,12.35	-3,-2,-1,0,1,2,3		500.0000	1.00	PubChem CID:21896573 - phosphate
Sodiumcitrate	22.99		-1,0,1	Na+:1	500.0000	0.90	PubChem CID:5360545 - sodium
Solution :	229.30		-1,0,1	NO3-:-1	39.8107	0.90	PubChem CID:3082 - 2-dimethoxyphosphinothioylsulfanyl-N-methylacetami...
Solution A	138.12		-1,0,1		7.0795	1.00	PubChem CID:338 - 2-hydroxybenzoic acid
Solution A:	229.30		-1,0,1	NO3-:-1	39.8107	0.90	PubChem CID:3082 - 2-dimethoxyphosphinothioylsulfanyl-N-methylacetami...
Sorbitol	182.17		-1,0,1		2000.0000	1.00	PubChem CID:5780 - (2R,3R,4R,5S)-hexane-1,2,3,4,5,6-hexol
Soytone	923.00		-1,0,1		0.3981	1.00	PubChem CID:4407643 - bis(2,5,8,11,18,21,24,27-octaoxatricyclo[26.4.0.01...
SrCl	158.52		-1,0,1	Cl-:-1	100.0000	0.90	PubChem CID:61520 - strontium dichloride
SrCl 2	158.52		-1,0,1	Cl-:-1	100.0000	0.90	PubChem CID:61520 - strontium dichloride
SrCl2	158.52		-1,0,1	Cl-:-1	100.0000	0.90	PubChem CID:61520 - strontium dichloride
SrCl2 x 6 H2O	158.52		-1,0,1	Cl-:-1	100.0000	0.90	PubChem CID:61520 - strontium dichloride
SrCl2 x 6 H2O (0.1% w/v)	158.52		-1,0,1	Cl-:-1	100.0000	0.90	PubChem CID:61520 - strontium dichloride
SrCl2.6H2O	266.62		-1,0,1	Cl-:-1	100.0000	0.90	PubChem CID:159250 - strontium;dichloride;hexahydrate
SrCl2·6H2O	158.52		-1,0,1	Cl-:-1	100.0000	0.90	PubChem CID:61520 - strontium dichloride
Starch	342.30		-1,0,1		2000.0000	1.00	PubChem CID:294 - 2-(hydroxymethyl)-6-[4,5,6-trihydroxy-2-(hydroxyme...
Stearic acid	284.50	4.75	-1,0,1		0.0200	1.00	PubChem CID:5281 - octadecanoic acid
Succinate	116.07		-3,-2,-1		44.6684	1.00	PubChem CID:160419 - butanedioate
Succinic acid	118.09	4.75	-1,0,1		199.5262	1.00	PubChem CID:1110 - butanedioic acid
Sucrose	342.30		-1,0,1		2000.0000	1.00	PubChem CID:5988 - (2R,3R,4S,5S,6R)-2-[(2S,3S,4S,5R)-3,4-dihydroxy-2,...
Sulfur	32.07		-1,0,1		56.2341	1.00	PubChem CID:5362487 - sulfane
Sulfur (powder)	34.08		-1,0,1		56.2341	1.00	PubChem CID:402 - sulfane
TAPSO	259.28		-1,0,1		2000.0000	1.00	PubChem CID:109334 - 3-[[1,3-dihydroxy-2-(hydroxymethyl)propan-2-yl]ami...
TES	229.25		-1,0,1		2000.0000	1.00	PubChem CID:81831 - 2-[[1,3-dihydroxy-2-(hydroxymethyl)propan-2-yl]ami...
TRIS	121.14	8.07	-1,0,1	NO3-:-1	2000.0000	0.90	PubChem CID:6503 - 2-amino-2-(hydroxymethyl)propane-1,3-diol
Tetrachloroethene	165.80		-1,0,1	Cl-:-1	1.9953	0.90	PubChem CID:31373 - 1,1,2,2-tetrachloroethene
Tetramethyl ammonium	74.14		0,1,2		70.7946	1.00	PubChem CID:6380 - tetramethylazanium
Thiamin HCl	134.63		-1,0,1	Cl-:-1	100.0000	0.90	PubChem CID:67590811 - 2H-thiopyran;hydrochloride
Thiamin-HCl	134.63		-1,0,1	Cl-:-1	100.0000	0.90	PubChem CID:67590811 - 2H-thiopyran;hydrochloride
Thiamine	265.36	10.80	-1,0,1		31.6228	1.00	PubChem CID:1130 - 2-[3-[(4-amino-2-methylpyrimidin-5-yl)methyl]-4-me...
Thiamine (B1)	265.36	10.80	-1,0,1		31.6228	1.00	PubChem CID:1130 - 2-[3-[(4-amino-2-methylpyrimidin-5-yl)methyl]-4-me...
Thiamine Dihydrochloride	373.70	10.80	-1,0,1	Cl-:-1	500.0000	0.90	PubChem CID:21409248 - 2-[3-[(4-amino-2-methylpyrimidin-5-yl)methyl]-4-me...
Thiamine HCl	337.30	10.80	-1,0,1	Cl-:-1	100.0000	0.90	PubChem CID:6202 - 2-[3-[(4-amino-2-methylpyrimidin-5-yl)methyl]-4-me...
Thiamine pyrophosphate	424.31	2.15,7.20,10.80,12.35	-3,-2,-1,0,1,2,3		398.1072	1.00	PubChem CID:5431 - [2-[3-[(4-amino-2-methylpyrimidin-5-yl)methyl]-4-m...
Thiamine-HCl	337.30	10.80	-1,0,1	Cl-:-1	100.0000	0.90	PubChem CID:6202 - 2-[3-[(4-amino-2-methylpyrimidin-5-yl)methyl]-4-me...
Thiamine HCl	265.36	10.80	-1,0,1		31.6228	1.00	PubChem CID:1130 - 2-[3-[(4-amino-2-methylpyrimidin-5-yl)methyl]-4-me...
Thiamine·HCl	265.36	10.80	-1,0,1		31.6228	1.00	PubChem CID:1130 - 2-[3-[(4-amino-2-methylpyrimidin-5-yl)methyl]-4-me...
Thioctic acid	206.30	4.75	-1,0,1		14.1254	1.00	PubChem CID:864 - 5-(dithiolan-3-yl)pentanoic acid
Thioglycolate	91.11		-2,-1,0		39.8107	1.00	PubChem CID:5086465 - 2-sulfanylacetate
Toluene	184.28		-1,0,1		100.0000	1.00	PubChem CID:22595310 - toluene
Trace element solution SL12	229.30		-1,0,1	NO3-:-1	39.8107	0.90	PubChem CID:3082 - 2-dimethoxyphosphinothioylsulfanyl-N-methylacetami...
Tri-sodium citrate	258.07		-1,0,1	Na+:1	500.0000	0.90	PubChem CID:6224 - trisodium;2-hydroxypropane-1,2,3-tricarboxylate
Triethanolamine	149.19	10.80	-1,0,1	NO3-:-1	316.2278	0.90	PubChem CID:7618 - 2-[bis(2-hydroxyethyl)amino]ethanol
Trimethylamine-HCl	95.57	10.80	-1,0,1	Cl-:-1	100.0000	0.90	PubChem CID:10313079 - N,N-dimethylmethanamine;hydrochloride
Trimethylamine·HCl	59.11	10.80	-1,0,1		70.7946	1.00	PubChem CID:1146 - N,N-dimethylmethanamine
Tris (hydroxymethyl aminomethane)	121.14	8.07,10.80	-2,-1,0,1,2	NO3-:-1	2000.0000	0.90	PubChem CID:6503 - 2-amino-2-(hydroxymethyl)propane-1,3-diol
Tris HCl	157.59	8.07	-1,0,1	Cl-:-1,NO3-:-1	500.0000	0.90	PubChem CID:93573 - 2-amino-2-(hydroxymethyl)propane-1,3-diol;hydrochl...
Tris [tris(hydroxymethyl)aminomethane]	242.27	8.07,10.80	-2,-1,0,1,2		500.0000	1.00	PubChem CID:22915917 - 2-amino-2-(hydroxymethyl)propane-1,3-diol
Tris base	121.14	8.07	-1,0,1	NO3-:-1	2000.0000	0.90	PubChem CID:6503 - 2-amino-2-(hydroxymethyl)propane-1,3-diol
Tris buffer 1M	121.14	8.07	-1,0,1	NO3-:-1	2000.0000	0.90	PubChem CID:6503 - 2-amino-2-(hydroxymethyl)propane-1,3-diol
Tris(hydroxymethyl)aminomethane	121.14	8.07,10.80	-2,-1,0,1,2	NO3-:-1	2000.0000	0.90	PubChem CID:6503 - 2-amino-2-(hydroxymethyl)propane-1,3-diol
Tris(hydroxymethyl)methylamine	121.14	8.07,10.80	-2,-1,0,1,2	NO3-:-1	2000.0000	0.90	PubChem CID:6503 - 2-amino-2-(hydroxymethyl)propane-1,3-diol
Tris-HCl	157.59	8.07	-1,0,1	Cl-:-1,NO3-:-1	500.0000	0.90	PubChem CID:93573 - 2-amino-2-(hydroxymethyl)propane-1,3-diol;hydrochl...
Tris-HCl buffer	121.14	8.07	-1,0,1	NO3-:-1	2000.0000	0.90	PubChem CID:6503 - 2-amino-2-(hydroxymethyl)propane-1,3-diol
Trisodium Citrate	258.07	8.07	-1,0,1	Na+:1	500.0000	0.90	PubChem CID:6224 - trisodium;2-hydroxypropane-1,2,3-tricarboxylate
Trisodium Citrate Dihydrate	294.10	8.07	-1,0,1	Na+:1	500.0000	0.90	PubChem CID:71474 - trisodium;2-hydroxypropane-1,2,3-tricarboxylate;di...
Trisodium citrate	258.07	8.07	-1,0,1	Na+:1	500.0000	0.90	PubChem CID:6224 - trisodium;2-hydroxypropane-1,2,3-tricarboxylate
Trisodium citrate dehydrate	22.99	8.07	-1,0,1	Na+:1	500.0000	0.90	PubChem CID:5360545 - sodium
Trisodium citrate x 2 H2O	22.99	8.07	-1,0,1	Na+:1	500.0000	0.90	PubChem CID:5360545 - sodium
Trisodium citrate·2H2O	22.99	8.07	-1,0,1	Na+:1	500.0000	0.90	PubChem CID:5360545 - sodium
Trisodium citrate·3H2O	22.99	8.07	-1,0,1	Na+:1	500.0000	0.90	PubChem CID:5360545 - sodium
Trisodium citrate·H2O	22.99	8.07	-1,0,1	Na+:1	500.0000	0.90	PubChem CID:5360545 - sodium
Tris [tris(hydroxymethyl)aminomethane]	336.90	8.07,10.80	-2,-1,0,1,2		500.0000	1.00	PubChem CID:139288023 - methane
Tris·HCl	121.14	8.07	-1,0,1	NO3-:-1	2000.0000	0.90	PubChem CID:6503 - 2-amino-2-(hydroxymethyl)propane-1,3-diol
Tropic Marine salt	58.44		-1,0,1	Na+:1,Cl-:-1	200.0	0.9	PubChem CID:5234 - sodium chloride
Tryptone	923.00		-1,0,1		0.3981	1.00	PubChem CID:4407643 - bis(2,5,8,11,18,21,24,27-octaoxatricyclo[26.4.0.01...
Tween 20	522.70		-1,0,1		5.6234	1.00	PubChem CID:443314 - 2-[2-[3,4-bis(2-hydroxyethoxy)oxolan-2-yl]-2-(2-hy...
Tween 60	648.90		-1,0,1		0.0200	1.00	PubChem CID:24832100 - 2-[2-[3,4-bis(2-methoxyethoxy)oxolan-2-yl]-2-(2-me...
Tween 80	604.80		-1,0,1		0.2239	1.00	PubChem CID:78382488 - 2-[2-[3,5-bis(2-hydroxyethoxy)oxolan-2-yl]-2-(2-hy...
Uracil	112.09		-1,0,1		354.8134	1.00	PubChem CID:1174 - 1H-pyrimidine-2,4-dione
Urea	240.22		-1,0,1		100.0000	1.00	PubChem CID:22013406 - urea
VOSO4 x 2 H2O	254.20		-1,0,1		100.0000	1.00	PubChem CID:30318 - tetraoxoosmium
VOSO4 x 5 H2O	254.20		-1,0,1		100.0000	1.00	PubChem CID:30318 - tetraoxoosmium
VOSO4 x 5 H2O (0.01% w/v)	254.20		-1,0,1		100.0000	1.00	PubChem CID:30318 - tetraoxoosmium
VOSO4·xH2O	254.20		-1,0,1		100.0000	1.00	PubChem CID:30318 - tetraoxoosmium
Valeric acid	102.13	4.75	-1,0,1		19.9526	1.00	PubChem CID:7991 - pentanoic acid
Vitamin 3	337.50		-1,0,1		199.5262	1.00	PubChem CID:3325 - 3-[[2-(diaminomethylideneamino)-1,3-thiazol-4-yl]m...
Vitamin B12	1355.40		-1,0,1	Co2+:2	100.0000	0.80	PubChem CID:165339223 - cobalt(3+);[(2R,3S,5S)-5-(5,6-dimethylbenzimidazol...
Vitamin-free casamino acids	337.50	4.75,10.80	-2,-1,0,1,2		199.5262	1.00	PubChem CID:3325 - 3-[[2-(diaminomethylideneamino)-1,3-thiazol-4-yl]m...
VitaminB12	337.50		-1,0,1		199.5262	1.00	PubChem CID:3325 - 3-[[2-(diaminomethylideneamino)-1,3-thiazol-4-yl]m...
Vitamin B12  (4)	337.50		-1,0,1		199.5262	1.00	PubChem CID:3325 - 3-[[2-(diaminomethylideneamino)-1,3-thiazol-4-yl]m...
Vitamin B12  (8)	337.50		-1,0,1		199.5262	1.00	PubChem CID:3325 - 3-[[2-(diaminomethylideneamino)-1,3-thiazol-4-yl]m...
Vitamin B12  (9)	337.50		-1,0,1		199.5262	1.00	PubChem CID:3325 - 3-[[2-(diaminomethylideneamino)-1,3-thiazol-4-yl]m...
VoSO4 x 2 H2O	254.20		-1,0,1		100.0000	1.00	PubChem CID:30318 - tetraoxoosmium
Xylan	383.40		-1,0,1	Br-:-1	100.0000	0.90	PubChem CID:18036 - 2-(N-cyclohexylanilino)ethyl-triethylazanium bromi...
Xylose	150.13		-1,0,1		1778.2794	1.00	PubChem CID:135191 - (3R,4S,5R)-oxane-2,3,4,5-tetrol
Yeast	347.22		-1,0,1		2000.0000	1.00	PubChem CID:224 - [5-(6-aminopurin-9-yl)-3,4-dihydroxyoxolan-2-yl]me...
Yeast Nitrogen Base	28.01		-1,0,1		89.1251	1.00	PubChem CID:947 - molecular nitrogen
Yeast extrakt	283.34		-1,0,1		4.4668	1.00	PubChem CID:24950397 - (1R,2R,4S)-2-[5-(2-fluoro-3-pyridinyl)-3-pyridinyl...
Zinc Sulfate	161.40		-1,0,1	Zn2+:2	1.0000	0.80	PubChem CID:24424 - zinc sulfate
ZnCl 2	136.30		-1,0,1	Cl-:-1	200.0000	0.90	PubChem CID:5727 - dichlorozinc
ZnCl2	136.30		-1,0,1	Cl-:-1	200.0000	0.90	PubChem CID:5727 - dichlorozinc
ZnSO4	161.40		-1,0,1	Zn2+:2	100.0000	0.80	PubChem CID:24424 - zinc sulfate
ZnSO4 x 6 H2O	161.40		-1,0,1	Zn2+:2	100.0000	0.80	PubChem CID:24424 - zinc sulfate
ZnSO4 x 7 H2O	161.40		-1,0,1	Zn2+:2	100.0000	0.80	PubChem CID:24424 - zinc sulfate
ZnSO4*7 H2O	161.40		-1,0,1	Zn2+:2	100.0000	0.80	PubChem CID:24424 - zinc sulfate
ZnSO4*7H2O	161.40		-1,0,1	Zn2+:2	100.0000	0.80	PubChem CID:24424 - zinc sulfate
ZnSO4-7H2O	161.40		-1,0,1	Zn2+:2	100.0000	0.80	PubChem CID:24424 - zinc sulfate
ZnSO4.7H2O	287.60		-1,0,1	Zn2+:2	100.0000	0.80	PubChem CID:62640 - zinc;sulfate;heptahydrate
ZnSO4·7H2O	161.40		-1,0,1	Zn2+:2	100.0000	0.80	PubChem CID:24424 - zinc sulfate
ammonium chloride	53.49		-1,0,1	Cl-:-1	500.0000	0.90	PubChem CID:25517 - azanium chloride
calcium chloride	110.98		-1,0,1	Ca2+:2,Cl-:-1	500.0000	0.80	PubChem CID:5284359 - calcium dichloride
citric_acid	100.0	3.13,4.76,6.40	1,0,-1,-2,-3		100.0	1.0	citric acid
d-Biotin	244.31		-1,0,1		70.7946	1.00	PubChem CID:171548 - 5-[(3aS,4S,6aR)-2-oxo-1,3,3a,4,6,6a-hexahydrothien...
dipotassium hydrogen phosphate	174.18	2.15,7.20,12.35	-3,-2,-1,0,1,2,3	K+:1	500.0000	0.90	PubChem CID:24450 - dipotassium;hydrogen phosphate
ferric citrate	244.94		-1,0,1	Fe2+:2	100.0000	0.80	PubChem CID:61300 - 2-hydroxypropane-1,2,3-tricarboxylate;iron(3+)
glucose	180.16		0		909.0	1.0	glucose
glycine	100.0	2.34,9.60	1,0,-1,-2		200.0	1.0	glycine
iso-Butyric acid	88.11	4.75	-1,0,1		39.8107	1.00	PubChem CID:6590 - 2-methylpropanoic acid
iso-Valeric acid	102.13	4.75	-1,0,1		25.1189	1.00	PubChem CID:10430 - 3-methylbutanoic acid
magnesium chloride	95.21		-1,0,1	Mg2+:2,Cl-:-1	500.0000	0.80	PubChem CID:5360315 - magnesium dichloride
magnesium sulfate	120.37		-1,0,1	Mg2+:2	1.0000	0.80	PubChem CID:24083 - magnesium sulfate
myo-Inositol	180.16		-1,0,1		2000.0000	1.00	PubChem CID:892 - cyclohexane-1,2,3,4,5,6-hexol
n-Butyric acid	88.11	4.75	-1,0,1		39.8107	1.00	PubChem CID:264 - butanoic acid
n-Decane	142.28		-1,0,1		0.3162	1.00	PubChem CID:15600 - decane
n-Valeric acid	102.13	4.75	-1,0,1		19.9526	1.00	PubChem CID:7991 - pentanoic acid
p-Aminobenzoic acid	137.14	4.75,10.80	-2,-1,0,1,2		39.8107	1.00	PubChem CID:978 - 4-aminobenzoic acid
potassium chloride	74.55		-1,0,1	K+:1,Cl-:-1	500.0000	0.90	PubChem CID:4873 - potassium chloride
potassium phosphate monobasic	136.09	2.15,7.20,12.35	-3,-2,-1,0,1,2,3	K+:1	500.0	0.9	PubChem CID:516951 - potassium dihydrogen phosphate
potassium_phosphate	100.0	2.15,7.20,12.35	1,0,-1,-2,-3		100.0	1.0	potassium phosphate
sodium acetate	82.03	4.76	-1,0,1	Na+:1	500.0000	0.90	PubChem CID:517045 - sodium acetate
sodium bicarbonate	84.01		-1,0,1	Na+:1	500.0000	0.90	PubChem CID:516892 - sodium hydrogen carbonate
sodium malate	178.05		-1,0,1	Na+:1	500.0000	0.90	PubChem CID:8736 - disodium;2-hydroxybutanedioate
sodium phosphate dibasic	141.96	2.15,7.20,12.35	-3,-2,-1,0,1,2,3	Na+:1	500.0000	0.90	PubChem CID:24203 - disodium;hydrogen phosphate
sodium_chloride	58.44		0	Na+:1,Cl-:-1	360.0	1.0	sodium chloride
trans-Cinnamic acid	148.16	4.75	-1,0,1		8.9125	1.00	PubChem CID:444539 - (E)-3-phenylprop-2-enoic acid
tryptone	923.00		-1,0,1		0.3981	1.00	PubChem CID:4407643 - bis(2,5,8,11,18,21,24,27-octaoxatricyclo[26.4.0.01...
α-D-Glucose	180.16		-1,0,1		1995.2623	1.0	PubChem CID:5793 - (3R,4S,5S,6R)-6-(hydroxymethyl)oxane-2,3,4,5-tetro...
α-Lipoic acid	206.30	4.75	-1,0,1		14.1254	1.00	PubChem CID:6112 - 5-[(3R)-dithiolan-3-yl]pentanoic acid
α-Methylbutyric acid	88.11	4.75	-1,0,1		39.8107	1.00	PubChem CID:264 - butanoic acid
